教学班,学院,星期一第1-2节,教学地点0,星期一第3-4节,教学地点1,星期一第5-6节,教学地点2,星期一第7-8节,教学地点3,星期二第1-2节,教学地点4,星期二第3-4节,教学地点5,星期二第5-6节,教学地点6,星期二第7-8节,教学地点7,星期三第1-2节,教学地点8,星期三第3-4节,教学地点9,星期三第5-6节,教学地点10,星期三第7-8节,教学地点11,星期四第1-2节,教学地点12,星期四第3-4节,教学地点13,星期四第5-6节,教学地点14,星期四第7-8节,教学地点15,星期五第1-2节,教学地点16,星期五第3-4节,教学地点17,星期五第5-6节,教学地点18,星期五第7-8节,教学地点19
20音乐学(基地),音乐学院,教育政策与法规,致广1-209,音乐美学基础,音204,微格教学,音201,,,,,曲式与作品分析,音201,学科课程标准与教材研究,音307,,,,,西方音乐史,音201,,,,,,,歌曲分析与写作,音201,,,中国音乐史,音201,,,论文写作,音310（办公楼）,,,钢琴教学法,在线教学
20舞蹈学(师范)2班,音乐学院,教育政策与法规,致广1-209,舞蹈技术技巧（2）,舞蹈室4,,,,,,,,,,,,,,,舞蹈技术技巧（2）,舞蹈室4,,,,,,,,,,,微格教学,音304,,,,,,,舞蹈心理学,音306
20舞蹈学(师范)1班,音乐学院,教育政策与法规,致广1-209,,,,,,,舞蹈技术技巧（2）,舞蹈室4,微格教学,音304,,,,,,,,,,,,,舞蹈技术技巧（2）,舞蹈室4,,,,,,,,,,,舞蹈心理学,音306,,
20音乐学(师范)2班,音乐学院,教育政策与法规,致广1-209,钢琴（电子琴、管风琴、双排键）,琴房330,,,音乐美学基础,音204,歌曲分析与写作,音204,微格教学,音303,多声部音乐分析与习作（四）,音204,高师声乐教学艺术论,音204,论文写作,音204,西方音乐史,音204,管弦（中西）,琴房133,,,,,学科课程标准与教材研究,音204,中国音乐史,音204,声乐,琴房437,,,艺术概论,音202,,,钢琴教学法,在线教学
20音乐学(师范)1班,音乐学院,教育政策与法规,致广1-208,音乐美学基础,音204,,,钢琴（电子琴、管风琴、双排键）,琴房237,微格教学,音303,歌曲分析与写作,音204,多声部音乐分析与习作（四）,音204,高师声乐教学艺术论,音204,论文写作,音204,西方音乐史,音204,声乐,琴房434,,,,,学科课程标准与教材研究,音204,中国音乐史,音204,钢琴（电子琴、管风琴、双排键）,琴房237,艺术概论,音202,,,钢琴教学法,在线教学,,
21历史学+地理科学复合培养,地理科学学院,,,,,历史地理,立诚1-314,形势与政策,立诚1-408,发展与教育心理学,立诚1-105,中国现代史,立诚1-214,马克思主义基本原理,知明1-205,毛泽东思想和中国特色社会主义理论体系概论,在线教学,世界现代史,致广1-107A,道教与中国传统社会,致广1-107A,,,,,土壤地理学,笃行1-317,世界经济史,知明1-203,土壤地理学,16#-313土壤地理实验室,植物地理学,16#-210植物地理实验室,经济地理学,笃行1-216,植物地理学,笃行1-216,城市地理学,立诚1-210,世界华侨史专题,立诚1-117
21音乐学(师范)2班,音乐学院,多声部音乐分析与习作（二）,音203,中外教育简史,立诚1-215,,,合唱指挥,音305,发展与教育心理学,立诚1-105,,,,,钢琴（电子琴、管风琴、双排键）,琴房329,,,,,,,,,,,,,,,中国传统音乐概论,音205,,,毛泽东思想和中国特色社会主义理论体系概论,在线教学,,,音乐名作欣赏,音202
21历史学(师范),社会历史学院,,,,,世界经济史,立诚1-117,师德案例与养成,立诚1-117,基督教史,立诚1-314,发展与教育心理学,立诚1-205,马克思主义基本原理,知明1-205,毛泽东思想和中国特色社会主义理论体系概论,在线教学,道教与中国传统社会,立诚1-314,西方思想史,立诚1-301,,,,,,,,,中国水利发展史,立诚1-214,世界现代史,立诚1-117,宋史专题研究,立诚1-117,中国现代史,立诚1-117,学科教学设计与微格教学,立诚1-117,世界华侨史专题,立诚1-117
21舞蹈学(师范)1班,音乐学院,中外教育简史,立诚1-215,,,艺术实践,舞蹈室3,,,,,发展与教育心理学,立诚1-205,,,西方音乐史与名作欣赏,音203,,,中国古典舞基础训练（2）,舞蹈室3,,,,,舞蹈教育学,音304,,,中国民族民间舞（4）,舞蹈室3,,,毛泽东思想和中国特色社会主义理论体系概论,在线教学,,,中国古典舞基础训练（2）,舞蹈室3,,
21舞蹈学(师范)2班,音乐学院,中国古典舞基础训练（2）,舞蹈室4,中外教育简史,立诚1-215,艺术实践,舞蹈室3,,,,,发展与教育心理学,立诚1-205,,,西方音乐史与名作欣赏,音203,中国古典舞基础训练（2）,舞蹈室4,,,,,,,舞蹈教育学,音304,中国民族民间舞（4）,舞蹈室4,,,,,,,毛泽东思想和中国特色社会主义理论体系概论,在线教学,,,,
21汉语国际教育（师范）,海外教育学院,对外汉语语法教学研究,人文楼3-101,汉语作为第二语言教学概论Ⅰ,人文楼3-102,中外文化交流史,致广1-506B,毛泽东思想和中国特色社会主义理论体系概论,在线教学,,,计算机辅助汉语教学,笃行1-219,汉语教材的分析、使用和编写,致广1-506A,数字化教育资源设计与制作,在线教学,,,,,,,,,,,学科课程标准与教材研究,致广1-506B,古代汉语Ⅱ,致广1-102,,,,,教师专业技能测试与训练（三笔一画等）,致广1-106B,,,发展与教育心理学,笃行1-109
21思想政治教育（师范）,马克思主义学院,中外教育简史,立诚1-215,,,思想政治教育方法论,立诚1-310,综合实践活动,立诚1-115,,,,,教师专业技能测试与训练（三笔一画等）,笃行1-103b,马克思主义政治经济学Ⅱ,笃行1-112,,,,,,,,,,,学校德育理论与实践,致广1-108,教师专业技能测试与训练（三笔一画等）,笃行1-104a,,,,,,,,,发展与教育心理学,笃行1-109
21美术学（师范）雕塑,美术学院,,,,,毛泽东思想和中国特色社会主义理论体系概论,在线教学,艺术管理学,知明1-106,,,,,,,数字媒体设计基础,致广1-110,,,,,,,,,,,,,马克思主义基本原理,笃行1-115,大学语文Ⅱ,笃行1-209,,,中国画论,致广1-209,发展与教育心理学,知明1-205,学科课程标准与教材研究,知明1-104
21美术学（师范）国画,美术学院,,,,,毛泽东思想和中国特色社会主义理论体系概论,在线教学,艺术管理学,知明1-106,,,,,,,数字媒体设计基础,致广1-110,,,,,,,,,,,,,马克思主义基本原理,笃行1-115,大学语文Ⅱ,笃行1-209,,,中国画论,致广1-209,发展与教育心理学,知明1-205,学科课程标准与教材研究,知明1-104
21美术学（师范）漆画,美术学院,,,,,毛泽东思想和中国特色社会主义理论体系概论,在线教学,艺术管理学,知明1-106,,,,,,,数字媒体设计基础,致广1-110,,,,,,,,,,,,,马克思主义基本原理,笃行1-115,大学语文Ⅱ,笃行1-209,,,中国画论,致广1-209,发展与教育心理学,知明1-205,学科课程标准与教材研究,知明1-104
21美术学（师范）油画,美术学院,,,,,毛泽东思想和中国特色社会主义理论体系概论,在线教学,艺术管理学,知明1-106,,,,,,,数字媒体设计基础,致广1-110,,,,,,,,,,,,,马克思主义基本原理,笃行1-115,大学语文Ⅱ,笃行1-209,,,中国画论,致广1-209,发展与教育心理学,知明1-205,学科课程标准与教材研究,知明1-104
21美术学（师范）综合绘画,美术学院,,,,,毛泽东思想和中国特色社会主义理论体系概论,在线教学,艺术管理学,知明1-106,,,,,,,数字媒体设计基础,致广1-110,,,,,,,,,,,,,马克思主义基本原理,笃行1-115,大学语文Ⅱ,笃行1-209,,,中国画论,致广1-209,发展与教育心理学,知明1-205,学科课程标准与教材研究,知明1-104
21音乐学(师范)1班,音乐学院,中外教育简史,立诚1-215,多声部音乐分析与习作（二）,音203,,,合唱指挥,音305,发展与教育心理学,致广1-110,,,,,声乐,琴房307,,,,,,,,,,,钢琴（电子琴、管风琴、双排键）,琴房331,中国传统音乐概论,音205,,,毛泽东思想和中国特色社会主义理论体系概论,在线教学,,,音乐名作欣赏,音202,声乐,琴房324
21数学与应用数学2班,数学与统计学院,形势与政策,知明1-303,复变函数论,笃行1-215,数学课程标准与教材研究,笃行1-215,现代数学教育技术,笃行1-218,,,概率论,笃行1-211,常微分方程,致广1-209,毛泽东思想和中国特色社会主义理论体系概论,在线教学,数学建模,笃行1-520,中学数学教学设计,笃行1-215,,,,,,,,,教育学（含教师职业道德）,立诚1-206,学校心理健康教育与辅导,立诚1-216,,,,,,,,
21数学实验班,数学与统计学院,,,常微分方程,知明1-302,现代数学教育技术,笃行1-218,数学课程标准与教材研究,笃行1-215,复变函数论,知明1-303,概率论,知明1-302,毛泽东思想和中国特色社会主义理论体系概论,在线教学,,,中学数学教学设计,笃行1-215,数学建模,笃行1-309,,,,,,,,,学校心理健康教育与辅导,立诚1-216,教育学（含教师职业道德）,立诚1-115,数学建模,笃行1-207,,,,,,
21数学与应用数学1班,数学与统计学院,复变函数论,笃行1-215,,,常微分方程,笃行1-211,数学课程标准与教材研究,笃行1-215,现代数学教育技术,笃行1-218,概率论,笃行1-215,毛泽东思想和中国特色社会主义理论体系概论,在线教学,,,中学数学教学设计,笃行1-215,数学建模,笃行1-520,,,,,,,,,学校心理健康教育与辅导,立诚1-216,教育学（含教师职业道德）,立诚1-115,,,,,,,,
21物理学(师范)1班,物理与能源学院,,,,,磁性材料与器件,在线教学,毛泽东思想和中国特色社会主义理论体系概论,在线教学,,,原子物理学,知明1-106,概率论与数理统计,笃行1-309,电工与电子技术（下）,笃行1-214,,,数学物理方法,知明1-105,,,,,,,电工与电子技术（下）,理工楼2＃201,教育学（含教师职业道德）,立诚1-215,,,,,,,学校心理健康教育与辅导,知明1-206,,
21物理学(师范)2班,物理与能源学院,,,,,磁性材料与器件,在线教学,毛泽东思想和中国特色社会主义理论体系概论,在线教学,,,原子物理学,知明1-106,概率论与数理统计,笃行1-207,电工与电子技术（下）,笃行1-214,,,数学物理方法,知明1-105,,,,,,,电工与电子技术（下）,理工楼2＃201,教育学（含教师职业道德）,立诚1-215,,,,,,,学校心理健康教育与辅导,知明1-206,,
21生物科学(师范),生命科学学院,微生物学,笃行1-303,生物课程标准与教材研究,笃行1-303,毛泽东思想和中国特色社会主义理论体系概论,在线教学,现代教育技术,笃行1-303,动物学（下）,笃行1-303,,,,,,,数字化教育资源设计与制作,在线教学,,,,,,,植物学（下）,笃行1-303,教育学（含教师职业道德）,立诚1-106,,,,,,,,,,,,
20生物科学(师范),生命科学学院,人体解剖生理学（下）,立诚1-103,发育生物学,立诚1-103,科技写作与文献检索,笃行1-519,细胞生物学,立诚1-103,,,,,,,,,,,,,,,,,生物学科教材教法实验,理工楼12＃111,生物学科教材教法实验,理工楼12＃111,生态学,立诚1-103,,,免疫学,立诚1-103,班级管理（含班主任工作与综合育人）,立诚1-205,生物信息与基因组学,立诚1-103,,
21体育教育(国家人才培养基地),体育科学学院,篮球Ⅱ,篮球馆01区,篮球Ⅱ,篮球馆01区,现代教育技术,立诚1-216,体育产业概论,立诚1-408,,,运动生物化学,体综楼313,,,毛泽东思想和中国特色社会主义理论体系概论,在线教学,,,武术Ⅱ,武术馆1,,,,,体育心理学,基地202,马克思主义基本原理,致广1-209,篮球规则及裁判法,篮球馆01区,学校体育学,知明1-102,,,体育游戏,体综楼313,运动伤害的急救与防护,体育综合楼304 推拿实验室,运动伤害的急救与防护,体育综合楼304 推拿实验室
21体育教育(师范)1班,体育科学学院,运动伤害的急救与防护,体育综合楼304 推拿实验室,运动伤害的急救与防护,体育综合楼304 推拿实验室,现代教育技术,立诚1-216,三人制篮球,篮球馆01区,运动生物化学,体综楼209,学校体育学,致广1-506B,,,毛泽东思想和中国特色社会主义理论体系概论,在线教学,,,武术Ⅱ,武术馆1,篮球规则及裁判法,篮球馆01区,龙狮运动,武术馆2,跆拳道Ⅰ,跆拳道馆,体育心理学,基地202,马克思主义基本原理,知明1-207,篮球规则及裁判法,篮球馆01区,,,体育游戏,体综楼313,运动伤害的急救与防护,体育综合楼304 推拿实验室,运动伤害的急救与防护,体育综合楼304 推拿实验室
21体育教育(师范)3班,体育科学学院,篮球Ⅱ,篮球馆01区,运动伤害的急救与防护,体育综合楼304 推拿实验室,现代教育技术,立诚1-216,三人制篮球,篮球馆01区,,,体育心理学,基地202,,,毛泽东思想和中国特色社会主义理论体系概论,在线教学,,,武术Ⅱ,武术馆1,体育休闲娱乐导论,立诚1-216,龙狮运动,武术馆2,跆拳道Ⅰ,跆拳道馆,学校体育学,致广1-507A,马克思主义基本原理,知明1-207,篮球规则及裁判法,篮球馆01区,运动生物化学,体综楼209,体育游戏,体综楼313,,,运动伤害的急救与防护,体育综合楼304 推拿实验室
21体育教育(师范)2班,体育科学学院,运动伤害的急救与防护,体育综合楼304 推拿实验室,运动伤害的急救与防护,体育综合楼304 推拿实验室,现代教育技术,立诚1-216,三人制篮球,篮球馆01区,运动生物化学,体综楼209,跆拳道Ⅰ,跆拳道馆,,,毛泽东思想和中国特色社会主义理论体系概论,在线教学,,,武术Ⅱ,武术馆1,篮球规则及裁判法,篮球馆01区,龙狮运动,武术馆2,学校体育学,致广1-507A,体育心理学,基地202,马克思主义基本原理,知明1-207,篮球规则及裁判法,篮球馆01区,运动生物化学,体综楼209,体育游戏,体综楼313,运动伤害的急救与防护,体育综合楼304 推拿实验室,运动伤害的急救与防护,体育综合楼304 推拿实验室
20历史学+地理科学复合培养,地理科学学院,教学设计与微格教学（上）,笃行1-216,中国地理,笃行1-217,中国史学史,立诚1-214,世界文化史,立诚1-214,福建地理,笃行1-111,教学设计与微格教学（Ⅱ）,致广1-107B,中国与琉球关系史,致广1-107B,,,世界地理,笃行1-317,西方思想史,立诚1-301,,,,,,,,,,,,,班级管理（含班主任工作与综合育人）,立诚1-205,,,,,海洋地理学,立诚1-209
21化学(师范),化学与材料学院,化学课程与教学论(含课程标准解读),知明1-106,中外教育简史,立诚1-215,学校心理健康教育与辅导,立诚1-101,,,,,有机化学（2）,知明1-201,,,,,毛泽东思想和中国特色社会主义理论体系概论,在线教学,,,,,,,,,,,,,,,,,,,,,师德案例与养成,笃行1-311
21心理学（师范）1班,心理学院,,,教育心理学,知明1-207,师德案例与养成,在线教学,人格心理学,立诚1-101,变态心理学,立诚1-101,认知心理学,立诚1-102,毛泽东思想和中国特色社会主义理论体系概论,在线教学,数字化教育资源设计与制作,在线教学,,,认知心理学（实验）,人文楼1-102,,,,,,,人格心理学,立诚1-101,教育学（含教师职业道德）,立诚1-206,,,,,,,,,,
21心理学（师范）2班,心理学院,,,教育心理学,知明1-207,师德案例与养成,在线教学,人格心理学,立诚1-101,变态心理学,立诚1-101,认知心理学,立诚1-102,毛泽东思想和中国特色社会主义理论体系概论,在线教学,数字化教育资源设计与制作,在线教学,,,认知心理学（实验）,人文楼1-102,,,,,,,人格心理学,立诚1-101,教育学（含教师职业道德）,立诚1-206,,,,,,,,,,
20美术学(基地),美术学院,,,,,美学原理,知明2-102,教育政策与法规,致广1-208,,,,,外国美术通史（二）,知明2-102,,,,,,,,,,,,,,,中西方近现代艺术思潮,致广1-110,劳动教育,致广1-210,,,,,,,,
20美术学（师范）雕塑,美术学院,,,,,美学原理,知明2-102,教育政策与法规,致广1-208,,,,,外国美术通史（二）,知明2-102,,,,,,,,,,,,,,,中西方近现代艺术思潮,致广1-110,劳动教育,致广1-210,,,,,学科教学设计与微格教学,笃行1-105b,,
20美术学（师范）国画（花鸟、山水）,美术学院,,,,,美学原理,知明2-102,教育政策与法规,致广1-208,,,,,外国美术通史（二）,知明2-102,,,,,,,,,,,,,,,中西方近现代艺术思潮,致广1-110,劳动教育,致广1-210,,,,,,,,
20美术学（师范）国画（人物）,美术学院,,,,,美学原理,知明2-102,教育政策与法规,致广1-208,,,,,外国美术通史（二）,知明2-102,,,,,,,,,,,,,,,中西方近现代艺术思潮,致广1-110,劳动教育,致广1-210,,,,,学科教学设计与微格教学,笃行1-104a,,
20美术学（师范）漆画,美术学院,,,,,美学原理,知明2-102,教育政策与法规,致广1-208,,,,,外国美术通史（二）,知明2-102,,,,,,,,,,,,,,,中西方近现代艺术思潮,致广1-110,劳动教育,致广1-210,,,,,,,,
20美术学（师范）油画,美术学院,,,,,美学原理,知明2-102,教育政策与法规,致广1-208,,,,,外国美术通史（二）,知明2-102,,,,,,,,,,,,,,,中西方近现代艺术思潮,致广1-110,劳动教育,致广1-210,,,,,学科教学设计与微格教学,笃行1-101b,,
20美术学（师范）综合绘画,美术学院,,,,,美学原理,知明2-102,教育政策与法规,致广1-208,,,,,外国美术通史（二）,知明2-102,,,,,,,,,,,,,,,中西方近现代艺术思潮,致广1-110,劳动教育,致广1-210,,,,,,,,
2014思想政治教育（师范）,马克思主义学院,,,教育政策与法规,立诚1-304,马克思主义经典文献导读,知明1-107,,,,,学科教学设计与微格教学,笃行1-103a,西方马克思主义,笃行1-303,西方政治思想史,笃行1-110,,,中学思想政治课专题讲座,笃行1-115,,,,,,,比较思想政治教育,立诚1-311,,,学科教学设计与微格教学,笃行1-104a,,,,,,,,
20汉语国际教育（师范）,海外教育学院,,,教育政策与法规,立诚1-304,,,文献与方法论,致广1-506B,,,微格教学技能训练Ⅱ,笃行1-105b,汉字学,人文楼3-101,,,,,语言与文化,知明1-303,,,班级管理（含班主任工作与综合育人）,立诚1-105,汉语作为第二语言教学案例分析,致广1-506B,第二语言习得概论,致广1-506A,大学教授中学课程系列专题讲座,人文楼3-102,,,,,微格教学技能训练Ⅱ,笃行1-105a,,,,
20地理科学(师范)1班,地理科学学院,教育政策与法规,立诚1-304,世界地理,笃行1-203,,,,,,,福建地理,笃行1-111,,,,,习近平新时代中国特色社会主义思想概论,致广1-110,,,班级管理（含班主任工作与综合育人）,立诚1-105,,,,,,,,,,,,,,,海洋地理学,立诚1-202,,
20地理科学(师范)2班,地理科学学院,教育政策与法规,立诚1-304,世界地理,笃行1-203,,,,,,,福建地理,笃行1-111,,,,,习近平新时代中国特色社会主义思想概论,致广1-110,,,班级管理（含班主任工作与综合育人）,立诚1-105,,,,,,,,,,,,,,,海洋地理学,立诚1-202,,
21化学+生物复合培养,生命科学学院,教育政策与法规,立诚1-304,生物化学,笃行1-316,,,,,,,,,,,,,毛泽东思想和中国特色社会主义理论体系概论,在线教学,微生物学,立诚1-213,,,,,,,,,,,,,,,人体解剖生理学（下）,知明1-209,,,,
21地理科学(师范)1班,地理科学学院,植物地理学,笃行1-204,,,学校心理健康教育与辅导,立诚1-101,,,自然资源学,笃行1-204,经济地理学,笃行1-204,,,,,区域分析与规划,笃行1-204,,,,,,,,,,,土壤地理学,16#-313土壤地理实验室,中外教育简史,立诚1-216,,,教育学（含教师职业道德）,笃行1-213,毛泽东思想和中国特色社会主义理论体系概论,在线教学,地理课程标准与教材研究,笃行1-204
21地理科学(师范)2班,地理科学学院,植物地理学,笃行1-204,,,学校心理健康教育与辅导,立诚1-101,,,自然资源学,笃行1-204,经济地理学,笃行1-204,,,,,区域分析与规划,笃行1-204,,,,,,,,,,,,,中外教育简史,立诚1-216,,,教育学（含教师职业道德）,笃行1-213,毛泽东思想和中国特色社会主义理论体系概论,在线教学,地理课程标准与教材研究,笃行1-204
20物理学(师范)1班,物理与能源学院,形势与政策,笃行1-115,量子力学,知明1-105,教师专业技能2（含微格教学）,知明1-106,,,光谱分析技术,知明1-106,热力学统计物理,知明1-105,教具设计与制作,立诚1-205,,,,,物理课程资源开发与利用,知明1-205,,,,,,,师德案例与养成,知明1-106,,,纳米材料与技术,知明1-107,,,,,,,习近平新时代中国特色社会主义思想概论,笃行1-212
20物理学(师范)2班,物理与能源学院,形势与政策,笃行1-115,量子力学,知明1-105,教师专业技能2（含微格教学）,知明1-106,,,光谱分析技术,知明1-106,热力学统计物理,知明1-105,教具设计与制作,立诚1-205,,,,,物理课程资源开发与利用,知明1-205,,,,,,,师德案例与养成,知明1-106,,,纳米材料与技术,知明1-107,,,,,,,习近平新时代中国特色社会主义思想概论,笃行1-212
20数学实验班,数学与统计学院,抽象代数,立诚1-309,拓扑学,立诚1-309,师德案例与养成,立诚1-205,,,高等代数选讲,知明1-302,数学分析选讲,知明1-303,泛函分析,知明1-401,习近平新时代中国特色社会主义思想概论,立诚1-204,微分几何,立诚1-309,,,,,,,,,数学和统计学前沿专题讲座,知明1-202,,,,,,,,,,,,
20数学与应用数学1班,数学与统计学院,抽象代数,立诚1-204,数学分析选讲,立诚1-203,师德案例与养成,立诚1-205,,,拓扑学,立诚1-204,高等代数选讲,立诚1-203,数学史选讲,立诚1-204,习近平新时代中国特色社会主义思想概论,立诚1-204,,,,,,,,,,,,,,,,,,,,,,,,
20数学与应用数学2班,数学与统计学院,数学分析选讲,立诚1-203,抽象代数,立诚1-204,师德案例与养成,立诚1-205,,,高等代数选讲,立诚1-203,拓扑学,立诚1-204,数学史选讲,立诚1-204,习近平新时代中国特色社会主义思想概论,知明1-105,,,,,,,,,,,,,,,,,,,,,,,,
2022级生物科学(师范),生命科学学院,,,,,,,,,,,,,高等数学B(下),知明1-105,大学物理C（上）,笃行1-114,有机化学,笃行1-112,习近平总书记关于教育的重要论述研究,笃行1-209,军事理论,笃行1-114,思想政治理论课社会实践,致广1-208,性健康教育,笃行1-201,,,中国近现代史纲要,笃行1-112,,,,,,,,,,
2022级舞蹈学(师范)1班,音乐学院,,,,,艺术实践,舞蹈室4,,,芭蕾舞基础训练,舞蹈室3,民间舞,舞蹈室2,,,,,,,大学生心理健康教育,立诚1-215,,,,,,,,,芭蕾舞基础训练,舞蹈室4,现代教育技术,致广1-202,,,,,,,舞蹈服装欣赏,音203
2022级音乐学(师范)1班,音乐学院,思想道德与法治,致广1-108,,,,,,,乐理与视唱练耳,音203,中国民族民间音乐,音202,,,,,大学生心理健康教育,立诚1-215,声乐,琴房307,管弦（中西）,琴房134,,,钢琴（电子琴、管风琴、双排键）,琴房235,,,外国民族音乐,音203,现代教育技术,致广1-202,声乐艺术鉴赏,音303,,,,,,
2022级舞蹈学(师范)2班,音乐学院,,,芭蕾舞基础训练,舞蹈室3,艺术实践,舞蹈室4,,,民间舞,舞蹈室2,,,,,,,,,大学生心理健康教育,立诚1-215,,,,,芭蕾舞基础训练,舞蹈室3,,,现代教育技术,致广1-202,民间舞,舞蹈室4,,,,,,,舞蹈服装欣赏,音203
2022级音乐学(师范)2班,音乐学院,思想道德与法治,致广1-110,,,,,钢琴（电子琴、管风琴、双排键）,琴房330,,,乐理与视唱练耳,音203,钢琴（电子琴、管风琴、双排键）,琴房329,,,大学生心理健康教育,立诚1-215,钢琴（电子琴、管风琴、双排键）,琴房316,,,,,钢琴（电子琴、管风琴、双排键）,琴房331,中国民族民间音乐,音205,现代教育技术,致广1-202,外国民族音乐,音203,,,声乐艺术鉴赏,音303,,,,
2022级历史学(师范),社会历史学院,中国历史要籍介绍及选读(下),立诚1-105,,,世界文化史,立诚1-105,大学生心理健康教育,立诚1-105,中国文化史,致广1-109,专业外语,致广1-109,中国古代史(下),立诚1-116,中国史学史,立诚1-116,,,,,,,,,,,,,,,现代教育技术,立诚1-215,,,外国历史要籍介绍及选读,致广1-109,,,职业生涯规划,致广1-109
2022级历史学+地理科学复合培养,地理科学学院,,,,,,,形势与政策,立诚1-408,,,世界中古史,立诚1-407,外国历史要籍介绍及选读,立诚1-314,,,,,,,,,,,地理信息系统导论,笃行1-110,地理信息系统导论,笃行1-320a,中国古代史(下),立诚1-314,现代教育技术,立诚1-215,地貌学,笃行1-317,,,地质学基础,笃行1-217,地质学基础,16#-216地质地貌实验室
2022级化学(师范),化学与材料学院,无机化学（2）,笃行1-311,高等数学B(下),知明1-205,无机化学（2）,笃行1-311,军事理论,知明2-202,,,,,现代教育技术,致广1-202,大学物理B（上）,笃行1-213,,,化妆品科学,笃行1-202,思想政治理论课社会实践,笃行1-212,,,,,,,,,,,中国近现代史纲要,致广1-110,,,,,大学生心理健康教育,知明1-205
20化学+生物复合培养,化学与材料学院,,,,,,,,,结构化学,在线教学,细胞生物学,立诚1-210,计算机在化学中的应用,笃行1-320a,习近平新时代中国特色社会主义思想概论,知明1-105,,,进化生物学,立诚1-407,学科教学设计与实施（化学、生物）,笃行1-317,班级管理（含班主任工作与综合育人）,立诚1-105,,,,,,,,,,,,,,,,
20心理学（师范）1班,心理学院,,,,,高级心理统计,笃行1-518,习近平新时代中国特色社会主义思想概论,笃行1-112,认知神经科学,人文楼3-102,学校心理危机干预实务,立诚1-207,,,,,,,,,,,,,,,,,心理咨询与治疗Ⅱ,人文楼1-102,心理咨询与治疗Ⅱ,人文楼1-102,班级管理（含班主任工作与综合育人）,立诚1-205,青少年心理发展与教育,立诚1-207,,,,
20心理学（师范）2班,心理学院,,,,,高级心理统计,笃行1-518,习近平新时代中国特色社会主义思想概论,笃行1-112,认知神经科学,人文楼3-102,学校心理危机干预实务,立诚1-207,,,,,,,,,,,,,,,,,心理咨询与治疗Ⅱ,人文楼1-102,心理咨询与治疗Ⅱ,人文楼1-102,班级管理（含班主任工作与综合育人）,立诚1-205,青少年心理发展与教育,立诚1-207,,,,
21体育教育(中外合作项目)2班,体育科学学院,,,,,,,足球规则与裁判,基地202,,,物理与康复医学（骨科与神经科学模块）,体综楼209,毛泽东思想和中国特色社会主义理论体系概论,在线教学,从理论到实践：卡塔尼亚足球俱乐部训练-足球专业技能,基地202,田径教学理论与实践,南区田径场3,田径教学理论与实践,南区田径场3,运动技能学习与控制,基地302,体育营销：足球队的理论技巧和实践教学,基地202,运动生理学营养学及运动医学,在线教学,马克思主义基本原理,致广1-109,体育课程与教学论,知明1-102,,,,,,,,,,
21体育教育(中外合作项目)1班,体育科学学院,田径教学理论与实践,南区田径场1,田径教学理论与实践,南区田径场1,体育课程与教学论,知明1-102,足球规则与裁判,基地202,,,物理与康复医学（骨科与神经科学模块）,体综楼209,毛泽东思想和中国特色社会主义理论体系概论,在线教学,从理论到实践：卡塔尼亚足球俱乐部训练-足球专业技能,基地202,,,,,运动技能学习与控制,基地302,体育营销：足球队的理论技巧和实践教学,基地202,运动生理学营养学及运动医学,在线教学,马克思主义基本原理,致广1-109,,,,,,,,,,,,
2022级物理学(师范)1班,物理与能源学院,军事理论,知明2-202,,,C语言程序设计,笃行1-520,C语言程序设计,笃行1-520,电磁学,笃行1-114,,,高等数学B(下),知明1-207,大学生心理健康教育,立诚1-206,,,,,思想政治理论课社会实践,知明1-205,职业生涯规划,知明2-102,,,中国近现代史纲要,笃行1-115,,,,,,,,,习近平总书记关于教育的重要论述研究,笃行1-114,,
2022级物理学(师范)2班,物理与能源学院,军事理论,知明2-202,,,C语言程序设计,笃行1-318,C语言程序设计,笃行1-318,电磁学,笃行1-114,,,高等数学B(下),知明1-207,大学生心理健康教育,立诚1-206,,,,,思想政治理论课社会实践,知明1-205,职业生涯规划,知明2-102,,,中国近现代史纲要,笃行1-115,,,,,,,,,习近平总书记关于教育的重要论述研究,笃行1-114,,
20体育教育(国家人才培养基地),体育科学学院,体育赛事策划与管理,立诚1-216,健康评价与运动处方,立诚1-216,瑜伽IV,形体房,,,体育科学研究方法,体综楼313,防身术,健美操馆1,田径Ⅱ,东区田径场1,田径Ⅱ,东区田径场1,课堂教学技能I,知明1-209,街舞,健美操馆2,排球Ⅱ,排球馆04区,,,普拉提,艺术体操馆,运动训练学,体综楼313,,,,,,,,,,,运动技能学习与控制,基地302
20体育教育(师范)1班,体育科学学院,体育赛事策划与管理,立诚1-216,健康评价与运动处方,立诚1-216,体育科学研究方法,基地302,课堂教学技能I,知明1-102,,,防身术,健美操馆1,田径Ⅱ,东区田径场1,田径Ⅱ,东区田径场1,街舞,健美操馆2,实用体能训练理论与方法,室内田径场1,排球Ⅱ,排球馆04区,,,运动训练学,体综楼209,,,运动技能学习与控制,基地302,,,,,,,,,,
20体育教育(师范)3班,体育科学学院,体育赛事策划与管理,立诚1-216,健康评价与运动处方,立诚1-216,,,体育科学研究方法,基地302,课堂教学技能I,致广1-506B,,,田径Ⅱ,东区田径场1,田径Ⅱ,东区田径场1,街舞,健美操馆2,实用体能训练理论与方法,室内田径场1,排球Ⅱ,排球馆04区,,,普拉提,艺术体操馆,,,运动训练学,体综楼209,运动技能学习与控制,基地302,,,,,,,,
20体育教育(师范)2班,体育科学学院,体育赛事策划与管理,立诚1-216,健康评价与运动处方,立诚1-216,瑜伽IV,形体房,体育科学研究方法,基地302,,,防身术,健美操馆1,田径Ⅱ,东区田径场1,田径Ⅱ,东区田径场1,课堂教学技能I,体综楼312,实用体能训练理论与方法,室内田径场1,排球Ⅱ,排球馆04区,,,运动训练学,体综楼209,,,运动训练学,体综楼209,运动技能学习与控制,基地302,,,,,,,,
20电子信息工程,光电与信息工程学院,MATLAB基础及其应用,知明1-402,MATLAB基础及其应用,笃行1-419,,,工程项目管理,知明1-206,通信原理,人文楼3-101,信息论与编码理论,知明1-403,高频电子线路,笃行1-307,高频电子线路,理工楼2＃503,,,文献检索训练,知明1-402,,,,,DSP技术及应用,笃行1-307,DSP技术及应用,笃行1-518,习近平新时代中国特色社会主义思想概论,知明1-204,,,数字图像处理,知明1-302,数字图像处理,笃行1-220,,,,
21电子信息工程,光电与信息工程学院,python程序设计,笃行1-518,概率论与数理统计,笃行1-214,毛泽东思想和中国特色社会主义理论体系概论,在线教学,微机原理与接口技术,知明1-401,传感器技术,知明1-403,传感器技术,理工楼2＃305,信号与系统,笃行1-509,,,微机原理与接口技术,理工楼2＃302,,,,,劳动教育,笃行1-114,,,,,数字电路实验,理工楼2＃204,python程序设计,笃行1-215,,,信号与系统,理工楼2＃503,数据库原理及应用,知明1-403,数据库原理及应用,笃行1-320a
2136光电信息科学与工程(闽台),光电与信息工程学院,,,,,概率论与数理统计,知明1-205,工程光学（一）,知明1-303,,,信号与系统,笃行1-220,信号与系统,笃行1-210,,,光学实验（一）,理工楼3＃512,电磁学（一）,致广1-106A,,,,,,,,,,,,,,,,,,,毛泽东思想和中国特色社会主义理论体系概论,在线教学
21通信工程,光电与信息工程学院,数字电路与逻辑设计,笃行1-307,微机原理与接口技术,笃行1-307,毛泽东思想和中国特色社会主义理论体系概论,在线教学,概率论与数理统计,知明1-205,数据结构,笃行1-220,数据结构,笃行1-307,,,,,信号与系统,笃行1-307,,,,,劳动教育,笃行1-114,信号与系统实验,理工楼2＃503,,,,,,,,,微机原理与接口技术,理工楼2＃302,数字电路实验,理工楼2＃203,,
20通信工程,光电与信息工程学院,,,电磁场与传输理论,笃行1-210,,,移动通信原理与应用,知明1-302,,,,,数字图像处理,笃行1-419,数字图像处理,笃行1-419,,,,,,,,,DSP技术及应用,笃行1-307,DSP技术及应用,笃行1-518,习近平新时代中国特色社会主义思想概论,知明1-204,信息论基础,知明1-301,,,,,,,,
2022级环境科学与工程类1班,环境与资源学院,,,高等数学A(下),笃行1-507,大学物理B（上）,笃行1-214,无机及分析化学（下）,笃行1-302,,,军事理论,知明2-202,,,,,中国近现代史纲要,笃行1-212,,,思想政治理论课社会实践,笃行1-115,,,,,,,,,,,大学生心理健康教育,立诚1-106,,,,,,
2022级资源循环科学与工程,环境与资源学院,形势与政策,知明1-207,高等数学A(下),知明1-402,无机及分析化学（下）,知明1-201,大学物理B（上）,笃行1-214,,,军事理论,知明2-202,,,,,,,中国近现代史纲要,知明1-209,思想政治理论课社会实践,立诚1-310,,,,,,,,,,,大学生心理健康教育,立诚1-106,,,,,,
2022级环境科学与工程类2班,环境与资源学院,高等数学A(下),笃行1-507,,,大学物理B（上）,笃行1-214,无机及分析化学（下）,笃行1-302,,,军事理论,知明2-202,,,,,中国近现代史纲要,笃行1-212,,,思想政治理论课社会实践,笃行1-115,,,,,,,,,,,大学生心理健康教育,立诚1-106,,,,,,
20化学工程与工艺,化学与材料学院,形势与政策,知明1-104,,,化工仪表及自动化,立诚1-311,化学工艺学,知明1-105,,,,,,,,,,,,,,,,,,,习近平新时代中国特色社会主义思想概论,致广1-110,化学化工中的数学方法,笃行1-518,,,,,,,,,,
20新能源科学与工程,物理与能源学院,,,,,PLC工程应用技术,理工楼3＃202,PLC工程应用技术,理工楼3＃202,光谱分析技术,知明1-106,工程热力学,知明1-104,新能源综合实验（下）,理工楼3＃202,,,,,,,,,,,,,形势与政策,知明1-105,锂离子电池原理与技术,笃行1-215,,,,,,,,,习近平新时代中国特色社会主义思想概论,笃行1-212
20应用化学,化学与材料学院,形势与政策,知明1-104,化学专业外语,知明1-104,,,,,,,,,,,,,,,电化学导论,立诚1-212,,,,,,,习近平新时代中国特色社会主义思想概论,致广1-110,,,,,,,,,化妆品科学,笃行1-311,日用化学品,笃行1-110
20信息工程,光电与信息工程学院,人工智能与云计算技术,笃行1-519,人工智能与云计算技术,笃行1-519,,,,,,,,,,,,,软件工程,笃行1-210,软件工程,笃行1-419,,,,,,,,,习近平新时代中国特色社会主义思想概论,知明1-204,,,网络信息安全,笃行1-519,网络信息安全,笃行1-219,,,,
2132旅游管理,文化旅游与公共管理学院,旅游经济学,致广1-202,财务管理,致广1-202,人文地理学,致广1-202,景区经营与管理,致广1-104,,,,,毛泽东思想和中国特色社会主义理论体系概论,在线教学,马克思主义基本原理,知明1-106,文化创意与策划,致广1-103,旅游消费者行为,致广1-202,,,,,会议策划与管理,致广1-103,发展与教育心理学,致广1-202,,,旅行社管理,笃行1-320a,,,,,旅游前沿专题,致广1-202,,
20高分子材料与工程,化学与材料学院,聚合物反应工程,知明1-201,工程材料力学性能,笃行1-317,聚合物基复合材料,知明1-106,,,高分子材料成型加工,笃行1-311,,,,,,,电工与电子技术,致广1-204,有机光电材料,笃行1-311,复合材料表面与界面,笃行1-202,功能高分子,笃行1-202,,,,,,,,,,,,,,,,
21法学1班,法学院,,,,,国际私法,立诚1-318,,,证据法,致广1-208,民事诉讼法,致广1-209,马克思主义基本原理,致广1-108,毛泽东思想和中国特色社会主义理论体系概论,在线教学,商法（二）,立诚1-213,,,,,,,,,,,,,,,,,,,,,,
21法学2班,法学院,,,,,,,国际私法,立诚1-318,证据法,致广1-208,民事诉讼法,致广1-209,马克思主义基本原理,致广1-108,毛泽东思想和中国特色社会主义理论体系概论,在线教学,,,商法（二）,立诚1-214,,,,,,,,,,,,,,,,,,,,
21法学3班,法学院,,,,,国际私法,立诚1-212,,,民事诉讼法,致广1-209,证据法,致广1-208,毛泽东思想和中国特色社会主义理论体系概论,在线教学,马克思主义基本原理,致广1-108,,,,,,,,,,,,,商法（二）,立诚1-212,,,,,,,,,,
21法学4班,法学院,,,,,,,国际私法,立诚1-212,民事诉讼法,致广1-209,证据法,致广1-208,毛泽东思想和中国特色社会主义理论体系概论,在线教学,马克思主义基本原理,致广1-108,,,,,,,,,,,,,,,商法（二）,立诚1-212,,,,,,,,
2022级法学1班,法学院,刑法（一）,立诚1-319,民法（一）,立诚1-319,“走进法学殿堂”系列讲座,致广2-102,,,,,习近平法治思想概论,立诚1-318,,,思想道德与法治,致广1-301,,,,,,,,,,,,,,,大学生心理健康教育,致广1-110,,,军事理论,知明2-202,职业生涯规划,立诚1-318,劳动教育,立诚1-319
2022级法学2班,法学院,刑法（一）,立诚1-318,民法（一）,立诚1-319,“走进法学殿堂”系列讲座,致广2-102,,,,,习近平法治思想概论,立诚1-318,,,思想道德与法治,致广1-301,,,,,,,,,,,,,,,大学生心理健康教育,致广1-110,,,军事理论,知明2-202,职业生涯规划,立诚1-318,劳动教育,立诚1-319
2022级法学3班,法学院,,,民法（一）,立诚1-318,“走进法学殿堂”系列讲座,致广2-102,,,习近平法治思想概论,立诚1-318,刑法（一）,立诚1-319,,,思想道德与法治,知明1-104,,,,,,,,,,,,,,,大学生心理健康教育,致广1-110,,,军事理论,知明2-202,劳动教育,立诚1-319,职业生涯规划,立诚1-318
2022级法学4班,法学院,,,民法（一）,立诚1-318,“走进法学殿堂”系列讲座,致广2-102,,,习近平法治思想概论,立诚1-318,刑法（一）,立诚1-319,,,思想道德与法治,知明1-104,,,,,,,,,,,,,,,大学生心理健康教育,致广1-110,,,军事理论,知明2-202,劳动教育,立诚1-319,职业生涯规划,立诚1-318
20法学1班,法学院,法庭科学与物证技术,致广2-102,房地产法学,致广1-109,,,行政案例与法条分析,致广1-203,民事案例与法条分析,致广1-201,,,,,,,经济法,致广1-201,,,,,,,法庭科学与物证技术,人文楼4-501,,,法庭科学与物证技术,人文楼4-501,,,,,,,,,,
20法学2班,法学院,法庭科学与物证技术,致广2-102,房地产法学,致广1-109,,,行政案例与法条分析,致广1-203,民事案例与法条分析,致广1-201,,,,,,,,,经济法,致广1-208,,,,,,,法庭科学与物证技术,人文楼4-501,法庭科学与物证技术,人文楼4-501,,,,,,,,,,
20法学3班,法学院,房地产法学,致广1-109,法庭科学与物证技术,致广2-102,,,行政案例与法条分析,致广1-203,法庭科学与物证技术,人文楼4-501,,,法庭科学与物证技术,人文楼4-501,,,,,经济法,立诚1-318,,,,,民事案例与法条分析,立诚1-318,,,,,,,,,,,,,,
20法学4班,法学院,房地产法学,致广1-109,法庭科学与物证技术,致广2-102,,,行政案例与法条分析,致广1-203,,,法庭科学与物证技术,人文楼4-501,法庭科学与物证技术,人文楼4-501,,,经济法,立诚1-304,,,,,,,民事案例与法条分析,立诚1-318,,,,,,,,,,,,,,
20网络工程1班,海外教育学院,,,网络工程师认证选讲,理工楼1＃303,英语综合Ⅲ,致广1-106B,,,高级日语选修（二）,人文楼3-103,,,,,习近平新时代中国特色社会主义思想概论,知明1-105,,,,,,,,,,,,,,,,,,,网络攻击与防范,计网楼207,,,,
20网络工程2班,海外教育学院,,,网络工程师认证选讲,理工楼1＃303,英语综合Ⅲ,致广1-106B,,,高级日语选修（二）,人文楼3-103,,,,,习近平新时代中国特色社会主义思想概论,知明1-105,,,,,,,,,,,,,,,,,,,网络攻击与防范,计网楼207,,,,
2022级软件工程2班,计算机与网络空间安全学院,数据结构与算法,立诚1-209,数据结构与算法,计网楼406,离散数学,立诚1-204,高等数学A(下),立诚1-106,,,,,Java面向对象程序设计,立诚1-210,Java面向对象程序设计实验,计网楼307,,,大学物理C（上）,笃行1-109,军事理论,知明2-202,,,中国近现代史纲要,知明1-204,,,,,,,,,,,大学生心理健康教育,知明1-104,,
2022级软件工程4班,计算机与网络空间安全学院,,,离散数学,笃行1-212,高等数学A(下),笃行1-112,,,,,,,Java面向对象程序设计,立诚1-208,Java面向对象程序设计实验,计网楼203,大学物理C（上）,笃行1-109,,,军事理论,知明2-202,思想政治理论课社会实践,立诚1-201,数据结构与算法,立诚1-408,中国近现代史纲要,知明1-204,,,,,,,,,,,数据结构与算法,理工楼1＃310
2022级软件工程3班,计算机与网络空间安全学院,,,离散数学,笃行1-212,高等数学A(下),笃行1-112,数据结构与算法,笃行1-110,,,,,Java面向对象程序设计,立诚1-209,Java面向对象程序设计实验,计网楼202,大学物理C（上）,笃行1-109,,,军事理论,知明2-202,思想政治理论课社会实践,立诚1-201,,,中国近现代史纲要,知明1-204,,,,,,,,,,,数据结构与算法,理工楼1＃413
2022级软件工程1班,计算机与网络空间安全学院,Java面向对象程序设计,笃行1-304,Java面向对象程序设计实验,理工楼1＃310,离散数学,立诚1-204,高等数学A(下),立诚1-106,,,,,,,数据结构与算法,理工楼1＃413,,,大学物理C（上）,笃行1-109,军事理论,知明2-202,,,中国近现代史纲要,知明1-204,,,,,,,,,,,大学生心理健康教育,知明1-104,,
2038环境工程,环境与资源学院,环境和资源经济学,笃行1-212,环境化学,笃行1-301,水污染控制工程(下),笃行1-509,固体废物处理与处置,笃行1-301,环境影响评价,笃行1-301,环境影响评价案例分析,知明1-203,,,清洁生产与过程安全,笃行1-302,,,,,,,,,,,,,,,,,,,习近平新时代中国特色社会主义思想概论,笃行1-215,,,,
20网络空间安全,计算机与网络空间安全学院,网络协议程序设计,立诚1-210,网络协议程序设计,计网楼202,,,,,网络与通信安全,立诚1-408,网络与通信安全,计网楼202,习近平新时代中国特色社会主义思想概论,立诚1-215,,,,,,,,,,,,,,,取证技术,立诚1-408,取证技术,计网楼207,,,,,,,,
2022级化学+生物复合培养,生命科学学院,动物学（下）,立诚1-213,无机化学(2),知明1-201,,,,,,,,,大学物理C（上）,笃行1-304,中国近现代史纲要,笃行1-215,,,,,,,思想政治理论课社会实践,知明1-104,,,性健康教育,知明1-209,植物学（下）,立诚1-213,,,,,,,,,大学生心理健康教育,知明1-205
21马克思主义理论,马克思主义学院,,,,,,,福建红色革命文化研究,知明1-201,,,,,,,马克思主义政治经济学Ⅱ,笃行1-112,,,马克思主义政治经济学经典著作导读Ⅱ,知明1-310,,,,,,,马克思主义哲学经典著作导读Ⅱ,立诚1-310,,,,,,,,,,,中国化马克思主义经典著作导读Ⅱ,知明1-301
21软件工程(闽台),计算机与网络空间安全学院,软件工程学,立诚1-308,软件工程学,计网楼307,,,,,软件测试,笃行1-203,软件测试,理工楼1＃308,,,毛泽东思想和中国特色社会主义理论体系概论,在线教学,操作系统,立诚1-310,,,,,劳动教育,知明2-201,,,,,,,操作系统,理工楼1＃203,,,,,算法分析与设计,立诚1-309,算法分析与设计,计网楼203
21软件工程2班,计算机与网络空间安全学院,操作系统,立诚1-211,操作系统,计网楼407,,,,,算法分析与设计,立诚1-308,算法分析与设计,计网楼407,,,,,软件工程学,立诚1-409,,,,,劳动教育,知明2-201,,,,,,,毛泽东思想和中国特色社会主义理论体系概论,在线教学,,,,,,,软件工程学,理工楼1＃303
21软件工程1班,计算机与网络空间安全学院,软件工程学,笃行1-211,软件工程学,理工楼1＃105,,,,,,,,,算法分析与设计,立诚1-309,算法分析与设计,计网楼407,,,操作系统,立诚1-310,,,劳动教育,知明2-201,,,,,,,毛泽东思想和中国特色社会主义理论体系概论,在线教学,,,,,,,操作系统,计网楼407
20软件工程2班,计算机与网络空间安全学院,,,,,ERP与企业应用集成,立诚1-307,ERP与企业应用集成,计网楼406,嵌入式软件开发,立诚1-313,嵌入式软件开发,理工楼1＃410,习近平新时代中国特色社会主义思想概论,立诚1-215,,,软件体系结构与设计模式,笃行1-202,软件体系结构与设计模式,理工楼1＃413,,,,,,,,,软件项目管理,笃行1-301,软件项目管理,理工楼1＃413,网络安全原理与技术,笃行1-209,网络安全原理与技术,理工楼1＃413,应用统计学（选修）,立诚1-307,应用统计学（选修）,计网楼201
20软件工程3班,计算机与网络空间安全学院,,,,,ERP与企业应用集成,立诚1-307,ERP与企业应用集成,计网楼406,嵌入式软件开发,立诚1-313,嵌入式软件开发,理工楼1＃410,习近平新时代中国特色社会主义思想概论,立诚1-215,,,,,,,,,,,软件体系结构与设计模式,笃行1-302,软件体系结构与设计模式,理工楼1＃413,,,,,网络安全原理与技术,笃行1-209,网络安全原理与技术,理工楼1＃413,应用统计学（选修）,立诚1-307,应用统计学（选修）,计网楼201
20软件工程1班,计算机与网络空间安全学院,软件体系结构与设计模式,笃行1-301,软件体系结构与设计模式,计网楼203,ERP与企业应用集成,立诚1-307,ERP与企业应用集成,计网楼406,嵌入式软件开发,立诚1-313,嵌入式软件开发,理工楼1＃410,习近平新时代中国特色社会主义思想概论,立诚1-215,,,,,,,,,,,软件项目管理,笃行1-301,软件项目管理,理工楼1＃114,,,,,网络安全原理与技术,笃行1-209,网络安全原理与技术,理工楼1＃413,应用统计学（选修）,立诚1-307,应用统计学（选修）,计网楼201
2004历史学(师范),社会历史学院,,,历史学前沿动态,立诚1-117,,,,,,,,,,,,,,,,,,,,,,,,,,,,,,,,,,,,
2032酒店管理,文化旅游与公共管理学院,,,,,,,,,,,,,,,,,,,,,,,,,,,,,,,,,,,,,,,,
2034酒店管理(闽台),文化旅游与公共管理学院,,,,,,,,,,,,,,,,,,,,,,,,,,,,,,,,,,,,,,,,
20计算机科学与技术1班,计算机与网络空间安全学院,人工智能与游戏,计网楼206,人工智能与游戏,计网楼206,算法设计与分析,计网楼203,算法设计与分析,立诚1-213,,,,,,,,,图形引擎分析与设计,立诚1-208,图形引擎分析与设计,计网楼206,,,,,,,,,,,,,数字图像处理,立诚1-209,数字图像处理,计网楼202,,,,
20计算机科学与技术2班,计算机与网络空间安全学院,人工智能与游戏,计网楼206,人工智能与游戏,计网楼206,,,,,,,,,,,,,图形引擎分析与设计,立诚1-208,图形引擎分析与设计,计网楼206,,,,,算法设计与分析,立诚1-309,算法设计与分析,理工楼1＃211,,,,,,,,,数字图像处理,立诚1-209,数字图像处理,计网楼202
20资源循环科学与工程,环境与资源学院,环境和资源经济学,笃行1-212,聚合物资源循环利用技术,立诚1-207,固体废物处理与处置,立诚1-303B,,,环境友好材料,致广1-107B,废旧制件拆解技术与实践,笃行1-302,,,清洁生产与过程安全,笃行1-302,,,,,,,,,,,,,,,,,,,习近平新时代中国特色社会主义思想概论,笃行1-215,,,,
21旅游管理(闽台),文化旅游与公共管理学院,财务管理,致广1-106B,旅游经济学,立诚1-211,,,,,,,,,毛泽东思想和中国特色社会主义理论体系概论,在线教学,马克思主义基本原理,知明1-106,教育学 ,致广1-106B,,,,,,,旅游前沿专题,致广1-106B,,,,,,,人文地理学,致广1-106B,,,,,,
2022级材料物理,物理与能源学院,军事理论,知明2-202,大学物理A（中）,笃行1-113,高等数学A(下),知明1-302,大学生心理健康教育,立诚1-105,,,,,,,,,,,,,,,思想政治理论课社会实践,知明1-104,大学物理实验A（上）,在线教学,,,中国近现代史纲要,人文楼3-101,大学化学(下),知明1-201,,,,,C语言程序设计,笃行1-421,C语言程序设计,笃行1-421
20城市管理,文化旅游与公共管理学院,城市经济学,知明1-102, 政府经济学,致广1-107B,城市社区管理,致广1-102,,,城市数字化管理,知明1-209,专业技能养成与实践,致广1-103,,,,,演讲与口才,致广1-202,当代中国社会问题,致广1-101,,,,,,,公共危机管理,笃行1-210,,,闽南宗族社会与文化,在线教学,社会保障学,在线教学,,,,,,
20劳动与社会保障,文化旅游与公共管理学院,保险学原理,致广1-104, 政府经济学,致广1-107B,劳动关系学,知明1-209,,,,,绩效管理,致广1-102,专业技能养成与实践,致广1-103,,,演讲与口才,致广1-202,当代中国社会问题,致广1-101,,,,,,,员工培训,知明1-102,社会保障基金管理,致广1-104,闽南宗族社会与文化,在线教学,,,,,,,,
20行政管理,文化旅游与公共管理学院,行政法案例精讲,致广1-103, 政府经济学,致广1-107B,,,国际关系专题讲座,致广1-103,专业技能养成与实践,致广1-102,绩效管理,致广1-102,,,,,当代中国社会问题,立诚1-212,政治与行政伦理,致广1-105,,,,,员工培训,知明1-101,演讲与口才,致广1-105,闽南宗族社会与文化,在线教学,,,社会保障学,在线教学,,,,,,
21网络工程1班,海外教育学院,数据库技术与应用,知明1-302,数据库技术与应用,理工楼1＃114,,,,,概率论与数理统计,笃行1-212,计算机组成原理,知明1-402,日语综合Ⅰ㈣,致广1-105,日语听力㈣,知明1-302,路由与交换技术,知明1-303,路由与交换技术实验,理工楼1＃209,,,,,,,日语综合Ⅱ㈣,知明1-403,,,计算机组成原理实验,理工楼1＃312,,,,,毛泽东思想和中国特色社会主义理论体系概论,在线教学,,
21网络工程2班,海外教育学院,数据库技术与应用,知明1-302,数据库技术与应用,理工楼1＃114,,,,,概率论与数理统计,笃行1-212,计算机组成原理,知明1-402,日语综合Ⅰ㈣,致广1-105,日语听力㈣,知明1-302,路由与交换技术,知明1-303,路由与交换技术实验,理工楼1＃209,,,,,,,日语综合Ⅱ㈣,知明1-403,,,计算机组成原理实验,理工楼1＃312,,,,,毛泽东思想和中国特色社会主义理论体系概论,在线教学,,
20人工智能,计算机与网络空间安全学院,,,,,,,,,,,,,习近平新时代中国特色社会主义思想概论,立诚1-215,,,自然语言理解及应用,立诚1-308,自然语言理解及应用,计网楼407,,,,,,,,,,,,,,,,,,,,
2022级生态学,地理科学学院,土壤学,知明1-103,植物学(下),知明1-101,,,劳动教育,在线教学,,,,,高等数学B(下),笃行1-208,,,动物生物学,笃行1-216,,,思想政治理论课社会实践,知明1-204,,,,,科技论文写作,立诚1-209,,,大学生心理健康教育,立诚1-105,中国近现代史纲要,笃行1-212,,,,,职业生涯规划,知明2-102
2136测控技术与仪器,光电与信息工程学院,物理光学,知明1-401,概率论与数理统计,笃行1-214,信号分析与处理,笃行1-308,毛泽东思想和中国特色社会主义理论体系概论,在线教学,,,数字电路与逻辑设计实验,致广1-106A,数字电路与逻辑设计实验,理工楼2＃203,,,机械设计CAD,人文楼3-101,,,,,,,,,,,信号分析与处理,笃行1-419,,,控制工程基础,理工楼3＃511,控制工程基础,理工楼3＃511,,,,
21人工智能,计算机与网络空间安全学院,机器学习理论与方法,立诚1-218,机器学习理论与方法实验,理工楼1＃209,计算机系统基础,立诚1-217,计算机系统基础实验,理工楼1＃312,数据库概论,笃行1-208,数据库概论,计网楼307,操作系统,立诚1-408,操作系统,理工楼1＃203,Linux管理技术,笃行1-110,Linux管理技术,理工楼1＃203,劳动教育,知明2-201,,,,,,,毛泽东思想和中国特色社会主义理论体系概论,在线教学,智能电子设计基础,笃行1-110,,,,,,,智能电子设计基础,理工楼1＃105
20自然地理与资源环境,地理科学学院,世界地理,笃行1-111,人文地理学,笃行1-111,区域分析方法,笃行1-111,,,福建地理,笃行1-111,,,,,,,,,,,,,,,,,,,ArcGIS应用,笃行1-111,ArcGIS应用实验,16#-205计算机房智慧室,,,,,城市地理学,笃行1-111,海洋地理学,立诚1-209
21自然地理与资源环境,地理科学学院,线性代数,知明1-206,,,气象学与气候学,笃行1-316,气象学与气候学实验,16#-208气象实验室,水文学与水资源,笃行1-216,植物地理学,笃行1-217,水文学与水资源,理工楼6＃103,,,,,,,,,,,,,,,,,,,,,,,,,毛泽东思想和中国特色社会主义理论体系概论,在线教学
21生态学,地理科学学院,线性代数,知明1-206,,,生态学中的GIS应用,知明1-202,生态学中的GIS应用实验,16#-205计算机房智慧室,微生物学,立诚1-312,普通生态学（下）,立诚1-210,,,,,环境科学概论,立诚1-307,,,,,,,,,,,生物统计与实验设计实验,16#-315计算机教室,生物统计与实验设计,笃行1-111,程序设计基础(C语言)实验,16#-315计算机教室,程序设计基础(C语言),笃行1-316,,,毛泽东思想和中国特色社会主义理论体系概论,在线教学
20人文地理与城乡规划,地理科学学院,世界地理,笃行1-111,城乡规划法规,知明1-103,旅游地理学,知明1-103,详细规划,笃行1-111,,,详细规划（实践）,16#-324城市规划实验室,村镇规划,笃行1-217,,,,,村镇规划（实践）,16#-315计算机教室,,,,,,,,,,,交通规划（实践）,16#-324城市规划实验室,,,,,,,,
21储能科学与工程,物理与能源学院,嵌入式系统,笃行1-318,材料科学基础,立诚1-116,磁性材料与器件,在线教学,毛泽东思想和中国特色社会主义理论体系概论,在线教学,,,量子力学,知明1-401,电子测量与仪器,笃行1-209,概率论与数理统计,笃行1-309,电子线路CAD,笃行1-318,,,光伏工程与技术,立诚1-118,电子测量与仪器,理工楼3＃202,,,,,,,,,电子线路CAD,笃行1-318,,,,,,
21新能源科学与工程,物理与能源学院,嵌入式系统,笃行1-318,材料科学基础,立诚1-116,发光学与发光材料,知明1-402,毛泽东思想和中国特色社会主义理论体系概论,在线教学,,,概率论与数理统计,笃行1-309,电子测量与仪器,笃行1-209,,,电子线路CAD,笃行1-318,,,光伏工程与技术,立诚1-118,电子测量与仪器,理工楼3＃202,,,,,,,,,电子线路CAD,笃行1-318,,,能源科学基础实验,理工楼3＃407,,
21材料物理,物理与能源学院,形势与政策,知明1-303,材料科学基础,立诚1-116,磁性材料与器件,在线教学,毛泽东思想和中国特色社会主义理论体系概论,在线教学,,,,,电工与电子技术（下）,笃行1-214,概率论与数理统计,笃行1-207,量子力学,知明1-106,,,,,,,电工与电子技术（下）,理工楼2＃201,,,,,,,,,,,材料物理基础实验,理工楼3＃408,,
2036测控技术与仪器,光电与信息工程学院,,,,,光通信技术,知明1-303,工程项目管理,知明1-206,,,,,典型测控系统编程实践,理工楼3＃511,,,,,,,,,,,机器人制作,知明1-401,机器人制作,笃行1-320a,,,习近平新时代中国特色社会主义思想概论,知明1-204,,,,,,,,
2022级人工智能,计算机与网络空间安全学院,Python程序设计,笃行1-110,Python程序设计,理工楼1＃308,离散数学,笃行1-217,高等数学A(下),立诚1-407,,,,,,,面向对象程序设计及综合实践,理工楼1＃303,大学生心理健康教育,立诚1-116,大学物理C（上）,笃行1-114,思想政治理论课社会实践,知明1-204,军事理论,知明2-202,,,,,,,,,中国近现代史纲要,笃行1-212,,,人工智能技术,笃行1-109,人工智能技术,理工楼1＃209
21化学工程与工艺,化学与材料学院,化工原理(上),知明1-205,,,化工热力学及实验,笃行1-303,,,线性代数,立诚1-104,电子与电工技术,致广1-110,,,毛泽东思想和中国特色社会主义理论体系概论,在线教学,,,,,,,,,,,,,,,,,,,,,,,,
2022级电子信息类,光电与信息工程学院,,,高等数学A(下),笃行1-213,,,,,中国近现代史纲要,笃行1-112,大学物理B（上）,笃行1-114,,,,,,,,,思想政治理论课社会实践,致广1-109,职业生涯规划,笃行1-214,军事理论,知明2-202,大学生心理健康教育,笃行1-214,,,,,C语言程序设计,笃行1-319,C语言程序设计,笃行1-319,,,,
20材料物理,物理与能源学院,,,材料热力学,笃行1-304,,,,,光谱分析技术,知明1-106,材料物理性能,知明1-204,材料物理综合实验（下）,理工楼3＃410,,,,,,,光伏工程与技术,立诚1-118,,,,,,,锂离子电池原理与技术,笃行1-215,纳米材料与技术,知明1-107,,,,,,,习近平新时代中国特色社会主义思想概论,笃行1-212
2036光电信息科学与工程,光电与信息工程学院,,,工程项目管理与工程经济学,笃行1-114,生医光学成像技术,人文楼3-102,,,,,,,,,,,,,,,,,,,医学图像处理技术,立诚1-213,医学图像处理技术,笃行1-520,,,习近平新时代中国特色社会主义思想概论,知明1-204,数字信号处理,知明1-401,数字信号处理,理工楼2＃404,,,,
21人文地理与城乡规划,地理科学学院,土地评价,笃行1-217,,,人文地理学,笃行1-216,旅游地理学,笃行1-316,经济地理学,笃行1-317,计量地理学,笃行1-216,计量地理学,16#-315计算机教室,城市生态学,笃行1-217,,,,,,,,,,,,,遥感概论,笃行1-216,遥感概论实验,16#-315计算机教室,,,,,城市地理学,笃行1-111,毛泽东思想和中国特色社会主义理论体系概论,在线教学
20视觉传达设计,美术学院,,,,,,,,,,,,,,,,,,,,,,,,,,,,,,,,,,,设计与商业创新,笃行1-110,中外设计艺术史（二）,笃行1-210,,
20动画,美术学院,,,,,,,,,,,,,,,,,,,,,,,,,,,,,,,,,,,设计与商业创新,笃行1-110,,,,
20环境设计,美术学院,,,,,,,,,,,,,,,,,,,,,,,,,,,,,,,,,,,设计与商业创新,笃行1-110,,,现代设计史（二）,笃行1-210
21食品科学与工程,生命科学学院,食品微生物学,立诚1-407,物理化学,立诚1-213,,,毛泽东思想和中国特色社会主义理论体系概论,在线教学,食品化学,立诚1-213,,,,,,,,,,,,,,,,,,,,,,,电工电子技术,立诚1-207,电工电子技术实验,理工楼2＃104,工程制图与CAD,笃行1-519,工程制图与CAD实训,笃行1-519
2136通信工程（中英）,光电与信息工程学院,,,,,电子设计制造与测试（二）,笃行1-507,,,数据结构,笃行1-220,数据结构,笃行1-307,,,,,,,,,,,,,计算机网络,立诚1-219,,,,,,,,,,,毛泽东思想和中国特色社会主义理论体系概论,在线教学,,
21生物工程,生命科学学院,细胞生物学,在线教学,分子生物学,知明1-401,,,毛泽东思想和中国特色社会主义理论体系概论,在线教学,物理化学,知明1-401,,,,,,,电工电子技术,笃行1-308,电工电子技术实验,理工楼2＃104,工程制图与CAD,笃行1-519,工程制图与CAD实训,笃行1-519,,,,,,,,,,,,,,,,
2022级电子信息工程（中英）,光电与信息工程学院,,,数学1,笃行1-115,工程基础（二）,笃行1-307,,,,,工程调查研究（二）,笃行1-520,工程调查研究（二）,笃行1-521,中国近现代史纲要,笃行1-215,,,计算机编程,笃行1-307,,,思想政治理论课社会实践,知明1-205,,,大学生心理健康教育,笃行1-213,,,军事理论,知明2-202,,,,,,,计算机编程,笃行1-520
2022级测控技术与仪器,光电与信息工程学院,,,高等数学A(下),笃行1-508,,,,,,,中国近现代史纲要,笃行1-112,,,大学物理B（上）,笃行1-213,,,电路分析基础与实验,笃行1-217,职业生涯规划,笃行1-214,思想政治理论课社会实践,致广1-109,大学生心理健康教育,立诚1-115,,,,,军事理论,知明2-202,C语言程序设计,笃行1-419,C语言程序设计,笃行1-419,,,电路分析基础与实验,理工楼2＃104
2022级通信工程（中英）,光电与信息工程学院,,,形势与政策,笃行1-115,计算机编程,笃行1-114,计算机编程,笃行1-419,工程调查研究（二）,笃行1-520,工程调查研究（二）,笃行1-520,中国近现代史纲要,立诚1-206,工程基础（二）,笃行1-308,,,,,职业生涯规划,笃行1-214,思想政治理论课社会实践,笃行1-115,大学生心理健康教育,立诚1-115,,,,,军事理论,知明2-202,,,,,,,,
2022级计算机科学与技术1班,计算机与网络空间安全学院,,,高等数学A(下),立诚1-206,电路与电子技术,笃行1-304,电路与电子技术实验,理工楼1＃212,,,,,离散数学,笃行1-111,大学物理C（上）,笃行1-113,,,,,思想政治理论课社会实践,知明1-107,军事理论,知明2-202,中国近现代史纲要,笃行1-112,,,高级语言程序设计实验(下),理工楼1＃303,大学生心理健康教育,笃行1-113,高级语言程序设计(下),笃行1-304,,,,,,
2022级计算机科学与技术2班,计算机与网络空间安全学院,,,高等数学A(下),立诚1-206,高级语言程序设计(下),立诚1-219,高级语言程序设计实验(下),计网楼407,,,,,离散数学,笃行1-110,大学物理C（上）,笃行1-113,,,,,思想政治理论课社会实践,知明1-107,军事理论,知明2-202,中国近现代史纲要,笃行1-112,,,,,大学生心理健康教育,笃行1-113,电路与电子技术,笃行1-302,电路与电子技术实验,理工楼1＃212,,,,
2022级计算机科学与技术（中英）1班,计算机与网络空间安全学院,,,数学基础(二),笃行1-209,工程调查研究：程序设计（二）,笃行1-301,工程调查研究：程序设计（二）,理工楼1＃211,,,,,,,,,大学生心理健康教育,致广1-208,,,思想政治理论课社会实践,知明1-107,军事理论,知明2-202,数学基础(二),笃行1-208,中国近现代史纲要,笃行1-112,,,,,交流与研究（二）,立诚1-210,交流与研究（二）,计网楼206,,,,
2022级计算机科学与技术（中英）2班,计算机与网络空间安全学院,,,数学基础(二),笃行1-209,工程调查研究：程序设计（二）,笃行1-202,工程调查研究：程序设计（二）,理工楼1＃209,,,,,,,,,大学生心理健康教育,致广1-208,,,思想政治理论课社会实践,知明1-107,军事理论,知明2-202,数学基础(二),笃行1-208,中国近现代史纲要,笃行1-112,,,,,,,,,交流与研究（二）,立诚1-212,交流与研究（二）,计网楼206
2022级化学工程与工艺,化学与材料学院,有机化学,立诚1-101,高等数学A(下),笃行1-407,分析化学,立诚1-208,军事理论,知明2-202,,,大学物理B（上）,知明1-206,,,,,,,,,,,思想政治理论课社会实践,笃行1-212,,,,,,,,,,,中国近现代史纲要,致广1-110,,,大学生心理健康教育,知明1-106
2022级应用化学,化学与材料学院,无机化学（2）,知明1-105,,,高等数学B(下),知明1-207,军事理论,知明2-202,,,大学物理B（上）,知明1-206,,,,,绿色化学与现代生活,知明1-107,,,,,思想政治理论课社会实践,笃行1-212,,,,,,,,,,,中国近现代史纲要,致广1-110,,,大学生心理健康教育,知明1-106
2022级动画,美术学院,,,,,,,,,,,,,,,思想道德与法治,致广1-208,,,,,,,,,,,,,,,大学生心理健康教育,致广1-109,军事理论,知明2-202,,,,,,
2022级美术学(师范)1班,美术学院,,,,,,,色彩学,致广1-209,,,,,,,思想道德与法治,致广1-109,,,,,,,,,,,,,,,大学生心理健康教育,知明1-206,军事理论,知明2-202,人体结构学,知明1-106,,,,
2022级美术学(师范)2班,美术学院,,,,,,,色彩学,致广1-209,,,,,,,思想道德与法治,致广1-109,,,,,,,,,,,,,,,大学生心理健康教育,知明1-206,军事理论,知明2-202,人体结构学,知明1-106,,,,
2022级美术学(师范)3班,美术学院,,,,,,,色彩学,致广1-209,,,,,,,思想道德与法治,致广1-109,,,,,,,,,,,,,,,大学生心理健康教育,知明1-206,军事理论,知明2-202,人体结构学,知明1-106,,,,
2022级美术学(师范)4班,美术学院,,,,,,,色彩学,致广1-209,,,,,,,思想道德与法治,致广1-109,,,,,,,,,,,,,,,大学生心理健康教育,知明1-206,军事理论,知明2-202,人体结构学,知明1-106,,,,
22服装与服饰设计,美术学院,,,,,,,,,,,,,服装概论,知明1-301,思想道德与法治,致广1-208,,,,,,,,,,,,,,,大学生心理健康教育,致广1-109,军事理论,知明2-202,,,人体结构学,立诚1-303B,,
22环境设计,美术学院,,,,,设计思维与方法,美院大楼407,,,,,,,,,思想道德与法治,致广1-208,,,,,,,,,,,,,,,大学生心理健康教育,致广1-109,军事理论,知明2-202,,,,,,
22视觉传达设计,美术学院,,,,,,,,,,,,,,,思想道德与法治,致广1-208,,,,,,,,,,,,,,,大学生心理健康教育,致广1-109,军事理论,知明2-202,,,,,,
2022级心理学类1班,心理学院,生理心理学,知明1-204,,,,,,,,,心理测量学,知明1-207,心理学史,致广1-203,中国近现代史纲要,致广1-201,军事理论,知明2-202,普通心理学Ⅱ,立诚1-101,思想政治理论课社会实践,人文楼3-101,,,,,心理测量学（实验）,笃行1-519,,,,,,,普通心理学Ⅱ（实验）,人文楼1-102,大学生心理健康教育,知明1-106,职业生涯规划,知明1-105
2022级心理学类2班,心理学院,生理心理学,知明1-204,,,,,,,,,心理测量学,知明1-207,心理学史,致广1-203,中国近现代史纲要,致广1-201,军事理论,知明2-202,普通心理学Ⅱ,立诚1-101,思想政治理论课社会实践,人文楼3-101,,,,,心理测量学（实验）,笃行1-519,,,,,,,普通心理学Ⅱ（实验）,人文楼1-102,大学生心理健康教育,知明1-106,职业生涯规划,知明1-105
2022级心理学类3班,心理学院,形势与政策,知明1-303,生理心理学,知明1-204,,,,,心理测量学,知明1-207,,,中国近现代史纲要,致广1-201,心理学史,致广1-203,军事理论,知明2-202,普通心理学Ⅱ,知明1-403,,,思想政治理论课社会实践,人文楼3-101,心理测量学（实验）,笃行1-519,,,,,,,普通心理学Ⅱ（实验）,人文楼1-102,,,大学生心理健康教育,知明1-106,职业生涯规划,知明1-105
2022级心理学类4班,心理学院,形势与政策,知明1-303,生理心理学,知明1-204,,,,,心理测量学,知明1-207,,,中国近现代史纲要,致广1-201,心理学史,致广1-203,军事理论,知明2-202,普通心理学Ⅱ,知明1-403,,,思想政治理论课社会实践,人文楼3-101,心理测量学（实验）,笃行1-519,,,,,,,普通心理学Ⅱ（实验）,人文楼1-102,,,大学生心理健康教育,知明1-106,职业生涯规划,知明1-105
2022级能源动力类1班,物理与能源学院,大学物理A（中）,笃行1-113,军事理论,知明2-202,电工与电子技术（上）,笃行1-113,电工与电子技术实验（上）,理工楼2＃104,高等数学A(下),笃行1-509,,,中国近现代史纲要,笃行1-215,大学生心理健康教育,致广1-209,,,,,思想政治理论课社会实践,知明1-303,职业生涯规划,知明2-102,大学物理实验A（上）,在线教学,,,,,大学化学(分析部分),笃行1-317,,,,,,,,
2022级能源动力类2班,物理与能源学院,大学物理A（中）,笃行1-113,军事理论,知明2-202,电工与电子技术（上）,笃行1-113,电工与电子技术实验（上）,理工楼2＃104,高等数学A(下),笃行1-507,,,,,,,,,,,职业生涯规划,知明2-102,思想政治理论课社会实践,知明1-303,大学物理实验A（上）,在线教学,,,,,中国近现代史纲要,人文楼3-101,,,,,,,,
2022级生物工程,生命科学学院,,,,,,,,,有机化学,笃行1-110,,,线性代数,立诚1-203,高等数学B(下),立诚1-205,大学生心理健康教育,致广1-209,大学物理C（上）,笃行1-113,军事理论,笃行1-114,思想政治理论课社会实践,笃行1-215,,,中国近现代史纲要,笃行1-215,,,,,,,,,,,,
2022级食品科学与工程,生命科学学院,,,,,,,,,,,有机化学,笃行1-110,线性代数,立诚1-203,高等数学B(下),立诚1-205,大学生心理健康教育,致广1-209,大学物理C（上）,笃行1-113,军事理论,笃行1-114,思想政治理论课社会实践,笃行1-215,,,中国近现代史纲要,笃行1-215,,,,,,,,,,,,
2022级网络空间安全1班,计算机与网络空间安全学院,离散数学,立诚1-208,高等数学A(下),立诚1-106,高级语言程序设计（Java）,笃行1-302,高级语言程序设计（Java）,理工楼1＃203 ,,,,,大学物理C（上）,笃行1-113,网络安全道德与法律法规,笃行1-111,大学生心理健康教育,立诚1-116,,,军事理论,知明2-202,思想政治理论课社会实践,知明1-204,,,,,,,,,,,中国近现代史纲要,笃行1-212,,,,
2022级网络空间安全2班,计算机与网络空间安全学院,离散数学,立诚1-310,高等数学A(下),立诚1-106,高级语言程序设计（Java）,立诚1-309,高级语言程序设计（Java）,计网楼203,,,,,大学物理C（上）,笃行1-113,网络安全道德与法律法规,笃行1-111,大学生心理健康教育,立诚1-116,,,军事理论,知明2-202,思想政治理论课社会实践,知明1-204,,,,,,,,,,,中国近现代史纲要,笃行1-212,,,,
2022级旅游管理类1班,文化旅游与公共管理学院,军事理论,知明2-201,酒店管理概论,致广1-203,管理学原理,致广1-203,,,旅游文化学,致广1-104,会展概论,致广1-203,思想道德与法治,知明1-204,旅游美学,立诚1-211,酒店管理概论,致广1-203,高等数学C(下),立诚1-202,,,,,,,礼宾学,致广1-104,咖啡艺术与茶艺,致广1-107B,旅游接待业,致广1-203,,,,,职业生涯规划,致广1-109,大学生心理健康教育,立诚1-106
2022级旅游管理类2班,文化旅游与公共管理学院,军事理论,知明2-201,管理学原理,致广1-101,酒店管理概论,致广1-101,,,会展概论,致广1-202,旅游文化学,致广1-104,思想道德与法治,知明1-107,旅游美学,立诚1-211,高等数学C(下),立诚1-202,酒店管理概论,致广1-203,,,,,,,礼宾学,致广1-104,旅游接待业,致广1-203,咖啡艺术与茶艺,致广1-107B,,,,,职业生涯规划,致广1-109,大学生心理健康教育,立诚1-106
2022级马克思主义理论类,马克思主义学院,军事理论,知明2-201,,,,,中国共产党思想政治教育史,立诚1-202,政治学,笃行1-109,社会学,笃行1-109,毛泽东思想,致广1-110,,,,,劳动教育,在线教学,,,,,大学生心理健康教育,知明1-206,,,中国特色社会主义理论体系,致广1-208,习近平新时代中国特色社会主义思想概论,致广1-208,职业生涯规划,立诚1-201,大学语文,立诚1-201,哲学导论,致广1-101,,
2022级光电信息科学与工程,光电与信息工程学院,,,高等数学A(下),知明1-106,,,,,大学物理B（上）,笃行1-214,中国近现代史纲要,笃行1-112,应用光学,立诚1-211,数字电子技术实验,理工楼2＃203,,,,,职业生涯规划,笃行1-214,思想政治理论课社会实践,致广1-109,军事理论,知明2-202,大学生心理健康教育,笃行1-114,,,数字电子技术基础,笃行1-201,,,,,C语言程序设计,笃行1-219,C语言程序设计,笃行1-219
2022级数学与应用数学2班,计算机与网络空间安全学院,高等代数Ⅱ,笃行1-208,,,,,大学生心理健康教育,笃行1-115,C语言程序设计,笃行1-318,C语言程序设计,笃行1-319,大学物理实验C,知明2-101,,,大学物理C（上）,笃行1-113,,,职业生涯规划,知明2-101,思想政治理论课社会实践,笃行1-112,,,,,中国近现代史纲要,笃行1-212,,,,,,,,,,
2022级运动训练1班,体育科学学院,篮球Ⅰ,篮球馆02区,羽毛球I,室内田径场1,田径Ⅱ,东区田径场1,田径Ⅱ,东区田径场1,,,,,体育史,基地302,形势与政策,立诚1-206,运动生理学I,基地202,,,羽毛球I,室内田径场1,,,,,,,,,,,,,,,,,大学生心理健康教育,致广1-209
2022级运动训练2班,体育科学学院,羽毛球I,室内田径场1,田径Ⅱ,东区田径场1,田径Ⅱ,东区田径场1,田径Ⅱ,东区田径场1,,,,,体育史,基地302,形势与政策,立诚1-206,,,运动生理学I,基地202,,,羽毛球I,室内田径场1,,,,,,,,,,,,,,,大学生心理健康教育,致广1-209
2022级数学实验班,物理与能源学院,数学分析Ⅱ,笃行1-309,,,,,大学生心理健康教育,笃行1-115,C语言程序设计,笃行1-321a,C语言程序设计,笃行1-321a,大学物理实验C,知明2-101,,,,,大学物理C（上）,笃行1-114,思想政治理论课社会实践,笃行1-112,职业生涯规划,知明2-101,,,,,,,,,,,,,中国近现代史纲要,笃行1-212,,
2022级数学与应用数学1班,计算机与网络空间安全学院,高等代数Ⅱ,笃行1-207,,,,,大学生心理健康教育,笃行1-115,C语言程序设计,笃行1-318,C语言程序设计,笃行1-318,大学物理实验C,知明2-101,,,大学物理C（上）,笃行1-114,,,思想政治理论课社会实践,笃行1-112,职业生涯规划,知明2-101,,,,,,,,,,,,,中国近现代史纲要,笃行1-212,,
20复合材料与工程,化学与材料学院,,,,,,,,,材料研究与测试方法,立诚1-209,复合材料制备技术,笃行1-311,,,,,电工与电子技术,致广1-204,有机光电材料,笃行1-311,复合材料表面与界面,笃行1-202,功能高分子,笃行1-202,,,,,,,,,,,,,,,,
2036通信工程（中英）,光电与信息工程学院,,,,,,,移动通信原理与应用,知明1-302,数字图像处理,笃行1-521,数字图像处理,笃行1-518,,,电子学2（二）,笃行1-509,,,,,,,,,,,,,习近平新时代中国特色社会主义思想概论,知明1-204,,,,,,,,,,
2022级地理科学(师范)1班,地理科学学院,地理信息系统导论,笃行1-508,地理信息系统导论实验,笃行1-321a,,,劳动教育,在线教学,中国近现代史纲要,致广1-108,地貌学,笃行1-203,,,高等数学B(下),笃行1-208,,,,,,,思想政治理论课社会实践,知明1-107,,,,,,,大学生心理健康教育,致广1-209,,,,,,,职业生涯规划,知明2-102
2022级地理科学(师范)2班,地理科学学院,地理信息系统导论,笃行1-112,地理信息系统导论实验,笃行1-320a,,,劳动教育,在线教学,中国近现代史纲要,致广1-108,地貌学,笃行1-509,,,高等数学B(下),笃行1-208,,,,,,,思想政治理论课社会实践,知明1-107,,,,,,,大学生心理健康教育,致广1-209,,,,,,,职业生涯规划,知明2-102
21信息工程,光电与信息工程学院,web程序设计,笃行1-520,web程序设计,笃行1-308,毛泽东思想和中国特色社会主义理论体系概论,在线教学,概率论与数理统计,知明1-205,计算机网络,笃行1-220,数字电路实验,理工楼2＃203,数字电路与逻辑设计,知明1-403,,,信号与系统,笃行1-307,信号与系统实验,理工楼2＃503,,,劳动教育,笃行1-114,,,,,,,python程序设计,笃行1-215,,,,,数据库原理及应用,知明1-403,数据库原理及应用,笃行1-320a
2132酒店管理,文化旅游与公共管理学院,酒店运营管理,智慧旅游实验室,旅游经济学,立诚1-211,酒店活动策划与管理,致广1-107B,,,,,,,毛泽东思想和中国特色社会主义理论体系概论,在线教学,马克思主义基本原理,知明1-106,人力资源管理（双语）,致广1-107B,酒店运营管理,智慧旅游实验室,,,,,旅游消费者行为,笃行1-318,时尚管理导论,致广1-106B,,,,,酒店活动策划与管理,致广1-107B,,,,,,
2022级工商管理类2班,经济学院,,,,,会计学原理,立诚1-317,大学生心理健康教育,立诚1-205,,,高等数学C(下),立诚1-105,微观经济学,立诚1-317,,,,,,,,,,,专业导论,致广1-109,,,,,,,,,,,职业生涯规划,立诚1-216,,
20运动训练1班,体育科学学院,体育赛事策划与管理,立诚1-216,健康评价与运动处方,立诚1-216,田径Ⅱ,东区田径场1,田径Ⅱ,东区田径场1,,,运动训练学,立诚1-206,,,体育科学研究方法,知明2-201,街舞,健美操馆2,课堂教学技能I,体综楼209,防身术,武术馆2,形势与政策,笃行1-212,,,,,,,,,防身术,跆拳道馆,防身术,跆拳道馆,运动技能学习与控制,基地302,,
20运动训练2班,体育科学学院,体育赛事策划与管理,立诚1-216,健康评价与运动处方,立诚1-216,田径Ⅱ,东区田径场1,田径Ⅱ,东区田径场1,,,运动训练学,立诚1-206,,,体育科学研究方法,知明2-201,瑜伽IV,形体房,街舞,健美操馆2,防身术,武术馆2,形势与政策,笃行1-212,,,,,,,,,防身术,跆拳道馆,防身术,跆拳道馆,运动技能学习与控制,基地302,,
20经济学1班,经济学院,,,劳动经济学,致广1-208,,,国际贸易实务(实验),立诚1-204,经济学前沿专题研讨,立诚1-201,经济科学研究方法论(实验),笃行1-519,区域经济学(实验),笃行1-519,,,,,区域经济学,立诚1-205,,,,,国际贸易实务(双语）,立诚1-303A,国际结算,立诚1-317,,,国际结算(实验),笃行1-519,,,,,,,,
20经济学2班,经济学院,,,劳动经济学,致广1-208,,,国际贸易实务(实验),立诚1-204,经济学前沿专题研讨,立诚1-201,经济科学研究方法论(实验),笃行1-519,区域经济学(实验),笃行1-519,,,,,区域经济学,立诚1-205,,,,,国际贸易实务(双语）,立诚1-303A,国际结算,立诚1-317,,,国际结算(实验),笃行1-519,,,,,,,,
20工商管理,经济学院,,,创业管理,知明1-202,新产品开发,立诚1-312,税法,致广1-107B,现代物流管理,致广1-106B,管理信息系统,立诚1-312,公司战略与风险管理,笃行1-317,,,企业管理前沿问题,立诚1-312,税法实验,笃行1-318,,,,,,,,,管理信息系统(实验),笃行1-221,现代物流管理(实验),笃行1-318,职业素养教育,立诚1-408,,,项目管理,笃行1-203,项目管理(实验),笃行1-318
20国际经济与贸易,经济学院,,,跨境电子商务交流与沟通,立诚1-407,外经贸英语函电II(实验),立诚1-407,,,国际商务实践模拟 (实验),笃行1-219,国际税收,立诚1-408,外经贸英语会话(实验),立诚1-313,,,,,产业经济学,立诚1-313,,,,,,,英语国家概况(英),立诚1-407,,,,,,,,,,,,
20化学(师范),化学与材料学院,物理化学（2）,立诚1-119,物理化学（2）,知明1-107,中级无机化学,笃行1-203,,,,,,,,,,,,,,,,,,,,,习近平新时代中国特色社会主义思想概论,致广1-110,,,,,,,,,,,,
20生态学,地理科学学院,,,,,保护生物学,知明1-203,,,生态模型,知明1-102,生态模型实验,16#-315计算机教室,,,,,环境影响评价,知明1-202,恢复生态学,知明1-103,,,,,,,,,,,,,生态学数据绘图入门,笃行1-111,生态学数据绘图入门实验,16#-315计算机教室,,,,
21复合材料与工程,化学与材料学院,物理化学,立诚1-307,材料科学与工程基础,笃行1-311,高分子化学,立诚1-119,有机合成设计,笃行1-202,,,概率论与数理统计,笃行1-214,毛泽东思想和中国特色社会主义理论体系概论,在线教学,,,,,,,,,,,,,,,,,,,物理化学实验,理工楼7＃403,,,,,,
21高分子材料与工程,化学与材料学院,材料科学与工程基础,笃行1-308,物理化学,笃行1-202,高分子化学,立诚1-118,有机合成设计,笃行1-202,,,概率论与数理统计,笃行1-214,毛泽东思想和中国特色社会主义理论体系概论,在线教学,,,,,,,,,,,,,,,,,,,,,,,物理化学实验,理工楼7＃403,,
21数字媒体技术1班,海外教育学院,日语综合Ⅰ㈣,致广1-506A,,,计算机图形学,知明1-401,计算机图形学,理工楼1＃310,,,,,日语听力㈣,知明1-302,英语综合Ⅰ,致广1-105,,,日语综合Ⅱ㈣,知明1-401,,,,,,,游戏策划与项目管理,立诚1-208,数据库原理与应用,知明1-301,数据库原理与应用,理工楼1＃308,,,,,毛泽东思想和中国特色社会主义理论体系概论,在线教学,,
21数字媒体技术2班,海外教育学院,日语综合Ⅰ㈣,致广1-506A,,,计算机图形学,知明1-401,计算机图形学,理工楼1＃310,,,,,日语听力㈣,知明1-302,英语综合Ⅰ,致广1-105,,,日语综合Ⅱ㈣,知明1-401,,,,,,,游戏策划与项目管理,立诚1-208,数据库原理与应用,知明1-301,数据库原理与应用,理工楼1＃308,,,,,毛泽东思想和中国特色社会主义理论体系概论,在线教学,,
20文化产业管理,马克思主义学院,,,,,,,,,,,,,,,,,,,,,,,,,,,,,,,,,,,,,,,,
2032旅游管理,文化旅游与公共管理学院,旅游规划与开发,致广1-101,会展策划与管理,致广1-105,管理信息系统,笃行1-320a,习近平新时代中国特色社会主义思想概论,笃行1-112,会展策划与管理,致广1-105,统计学,笃行1-320a,,,,,旅游消费者行为,致广1-101,旅游地理学,致广1-103,,,,,景观设计,笃行1-320a,培训原理与技巧,致广1-107B,小微企业创业与管理,致广1-506A,演艺娱乐经营管理,致广1-106B,,,,,,,,
2022级体育教育(师范)1班,体育科学学院,,,运动生理学Ⅰ,基地302,武术Ⅰ,武术馆1,武术Ⅰ,武术馆1,体操Ⅰ,竞技体操馆1,排球I,排球馆01区,,,足球Ⅰ,东区足球场2,形势与政策,笃行1-115,,,,,,,,,,,,,,,乒乓球Ⅰ,排演厅（乒乓球馆）,,,,,大学生心理健康教育,致广1-209
2022级体育教育(师范)2班,体育科学学院,,,运动生理学Ⅰ,基地302,排球I,排球馆03区,体操Ⅰ,竞技体操馆1,,,排球I,排球馆01区,田径Ⅰ,东区田径场1,武术Ⅰ,武术馆1,形势与政策,笃行1-115,,,乒乓球Ⅰ,排演厅（乒乓球馆）,足球Ⅰ,东区足球场2,,,,,,,,,,,,,,,大学生心理健康教育,致广1-209
2022级社会体育指导与管理,体育科学学院,运动生理学Ⅰ,体综楼313,武术Ⅰ,武术馆2,田径Ⅰ,西区田径场,排球I,排球馆02区,足球Ⅰ,东区足球场1,武术Ⅰ,武术馆2,体操Ⅰ,竞技体操馆2,体育史,基地302,跆拳道Ⅰ,跆拳道馆,,,足球Ⅰ,东区足球场2,,,,,,,乒乓球Ⅰ,排演厅（乒乓球馆）,乒乓球Ⅰ,排演厅（乒乓球馆）,,,,,,,大学生心理健康教育,致广1-209
2022级体育教育(师范)3班,体育科学学院,运动生理学Ⅰ,基地302,排球I,排球馆04区,体操Ⅰ,竞技体操馆1,足球Ⅰ,东区足球场2,排球I,排球馆03区,足球Ⅰ,东区足球场5,武术Ⅰ,武术馆1,田径Ⅰ,东区田径场1,,,,,,,武术Ⅰ,武术馆1,,,,,,,,,,,,,,,大学生心理健康教育,致广1-209
2022级体育教育(师范)4班,体育科学学院,运动生理学Ⅰ,基地302,体操Ⅰ,竞技体操馆1,武术Ⅰ,武术馆2,武术Ⅰ,武术馆2,田径Ⅰ,东区田径场1,排球I,排球馆02区,足球Ⅰ,东区足球场2,体育史,基地302,,,排球I,排球馆03区,,,,,,,,,,,,,,,乒乓球Ⅰ,排演厅（乒乓球馆）,,,大学生心理健康教育,致广1-209
2022级经济学1班,经济学院,,,,,财政学,立诚1-301,高等数学C(下),立诚1-201,,,宏观经济学,立诚1-301,政治经济学II,立诚1-301,,,,,,,,,,,,,,,大学生心理健康教育,立诚1-205,经济学专业导论,立诚1-303A,,,,,,,职业生涯规划,立诚1-216
2022级经济学2班,经济学院,,,,,财政学,立诚1-301,高等数学C(下),立诚1-201,,,,,宏观经济学,立诚1-302,政治经济学II,立诚1-301,,,,,,,,,,,,,大学生心理健康教育,立诚1-205,经济学专业导论,立诚1-303A,,,,,,,职业生涯规划,立诚1-216
2022级金融学类1班,经济学院,,,,,宏观经济学,立诚1-410,,,,,金融学,立诚1-202,,,高等数学C(下),立诚1-105,,,金融学专业导论,立诚1-206,,,,,,,财政学,立诚1-207,,,大学生心理健康教育,立诚1-205,,,,,,,职业生涯规划,立诚1-216
2022级金融学类2班,经济学院,,,,,,,宏观经济学,立诚1-410,,,金融学,立诚1-202,,,高等数学C(下),立诚1-105,,,金融学专业导论,立诚1-206,,,,,,,,,财政学,立诚1-410,大学生心理健康教育,立诚1-205,,,,,,,职业生涯规划,立诚1-216
21广播电视编导,传播学院,,,文学作品导读(戏剧),立诚1-209,口语传播,在线教学,毛泽东思想和中国特色社会主义理论体系概论,在线教学,,,,,马克思主义基本原理,致广1-109,数字媒体技术,非编实验室二,,,,,,,,,,,广播电视节目形态研究,致广1-201,,,广播电视采访,非编实验室二,,,,,电视编辑,非编实验室一,电视编辑,非编实验室一
21广告学(闽台),传播学院,,,广告作品赏析,人文楼3-103,,,毛泽东思想和中国特色社会主义理论体系概论,在线教学,,,口语传播,在线教学,马克思主义基本原理,致广1-109,,,,,广告文案写作,知明1-102,,,,,,,广告创意,立诚1-119,,,,,,,广告创意,立诚1-119,,,,
20生物工程,生命科学学院,微生物工程,笃行1-316,生物分离工程,笃行1-110,,,习近平新时代中国特色社会主义思想概论,知明1-107,生物工程设备,笃行1-316,专业英语,笃行1-316,,,生物工程进展与创业指导,笃行1-316,生物过程检测与控制,笃行1-316,,,,,,,仪器分析,笃行1-316,,,酶工程,笃行1-110,,,,,,,,,,
20食品科学与工程,生命科学学院,食品机械与设备,知明1-301,食品工艺学,知明1-301,食品酶学,知明1-301,习近平新时代中国特色社会主义思想概论,知明1-107,食品仪器分析,知明1-301,发酵食品工艺学,知明1-301,食品生物技术,知明1-303,食品法规与标准,知明1-301,,,,,,,,,,,,,,,,,,,,,,,,
2022级工商管理类1班,经济学院,,,,,会计学原理,立诚1-202,大学生心理健康教育,立诚1-205,,,,,高等数学C(下),立诚1-105,微观经济学,立诚1-317,,,,,,,,,专业导论,致广1-109,,,,,,,,,,,职业生涯规划,立诚1-216,,
21动画,美术学院,,,,,,,,,,,,,毛泽东思想和中国特色社会主义理论体系概论,在线教学,马克思主义基本原理,立诚1-216,,,,,,,,,,,,,大学语文Ⅱ,笃行1-209,,,,,中国工艺美术史(二),笃行1-111,,,,
21服装与服饰设计,美术学院,,,,,,,,,,,,,毛泽东思想和中国特色社会主义理论体系概论,在线教学,马克思主义基本原理,立诚1-216,,,,,,,,,,,,,大学语文Ⅱ,笃行1-209,,,,,,,,,,
21环境设计,美术学院,,,,,,,,,,,,,毛泽东思想和中国特色社会主义理论体系概论,在线教学,马克思主义基本原理,立诚1-216,,,,,,,,,,,,,大学语文Ⅱ,笃行1-209,,,,,中国工艺美术史(二),笃行1-111,,,,
21视觉传达设计,美术学院,,,,,,,,,,,,,毛泽东思想和中国特色社会主义理论体系概论,在线教学,马克思主义基本原理,立诚1-216,,,,,,,,,,,,,大学语文Ⅱ,笃行1-209,,,,,中国工艺美术史(二),笃行1-111,,,,
2022级汉语国际教育（师范）,海外教育学院,,,,,中国古代文学,致广1-106A,,,,,现代汉语Ⅱ,致广1-105,思想道德与法治,致广1-301,,,,,文学概论,人文楼3-101,,,,,英语听和说Ⅱ,知明1-402,,,,,,,,,,,,,,
2022级数字媒体技术1班,海外教育学院,,,日语综合Ⅰ㈡,致广1-106A,C#程序设计语言,理工楼1＃114,C#程序设计语言,知明1-301,概率论与数理统计,笃行1-212,高等数学A(下),笃行1-507,日语听力㈡,致广1-106A,,,,,,,思想政治理论课社会实践,致广1-208,,,,,,,日语综合Ⅱ㈡,致广1-106B,中国近现代史纲要,笃行1-112,,,,,图像处理基础,知明1-301,图像处理基础,理工楼1＃211
2022级数字媒体技术2班,海外教育学院,日语听力㈡,致广1-106A,日语综合Ⅰ㈡,致广1-104,C#程序设计语言,理工楼1＃114,C#程序设计语言,知明1-301,概率论与数理统计,笃行1-212,高等数学A(下),笃行1-507,日语综合Ⅱ㈡,致广1-106B,,,,,,,思想政治理论课社会实践,致广1-208,,,,,,,,,中国近现代史纲要,笃行1-112,,,,,图像处理基础,知明1-301,图像处理基础,理工楼1＃211
2022级网络工程1班,海外教育学院,日语综合Ⅰ㈡,致广1-105,日语综合Ⅱ㈡,致广1-506A,计算机网络,人文楼3-101,计算机网络实验,计网楼202,离散数学,知明1-402,高等数学A(下),笃行1-507,大学物理C（上）,笃行1-114,日语听力㈡,致广1-106A,,,,,思想政治理论课社会实践,致广1-208,,,,,,,,,中国近现代史纲要,笃行1-112,,,,,电路与电子技术 ,知明1-303,电路与电子技术 ,理工楼1＃212
2022级网络工程2班,海外教育学院,日语综合Ⅰ㈡,致广1-506B,日语听力㈡,致广1-506B,计算机网络,人文楼3-101,计算机网络实验,计网楼202,离散数学,知明1-402,高等数学A(下),笃行1-507,大学物理C（上）,笃行1-114,日语综合Ⅱ㈡,致广1-106B,,,,,思想政治理论课社会实践,致广1-208,,,,,,,,,中国近现代史纲要,笃行1-112,,,,,电路与电子技术 ,知明1-303,电路与电子技术 ,理工楼1＃212
2022级体育教育(中外合作项目)1班,体育科学学院,,,,,,,意大利语1,致广1-201,体育心理学,基地202,生理学,基地302,单项运动理论与方法-基本体操,竞技体操馆1,,,,,,,,,,,,,,,,,,,,,,,,,,
2022级体育教育(中外合作项目)2班,体育科学学院,,,,,,,意大利语1,致广1-201,,,生理学,基地302,,,,,,,单项运动理论与方法-基本体操,竞技体操馆1,,,,,,,,,,,,,,,体育心理学,笃行1-310,,,,
2022级国际经济与贸易,经济学院,,,,,高等数学C(下),立诚1-201,大学生心理健康教育,立诚1-105,,,管理学,立诚1-213,思想道德与法治,致广1-301,,,中国对外贸易,立诚1-410,宏观经济学,立诚1-302,,,,,经济类专业导论,致广1-202,,,,,,,,,财政学,立诚1-409,职业生涯规划,立诚1-216,,
2022级公共管理类1班,文化旅游与公共管理学院,行政学概论,致广1-102,高等数学C(下),立诚1-202,行政学概论,致广1-103,,,社会心理学,立诚1-211,,,,,思想道德与法治,知明1-204,决策科学研究,立诚1-211,社会调查与统计,致广1-102,大学生心理健康教育,立诚1-116,,,公共关系学,知明1-102,,,,,社会调查与统计,笃行1-319,社会调查与统计,致广1-103,社会调查与统计,致广1-102,,,,
2022级公共管理类2班,文化旅游与公共管理学院,,,行政学概论,致广1-102,行政学概论,致广1-103,,,,,社会心理学,立诚1-211,,,思想道德与法治,知明1-204,社会调查与统计,致广1-102,决策科学研究,立诚1-211,大学生心理健康教育,立诚1-116,,,公共关系学,知明1-103,,,,,社会调查与统计,笃行1-319,社会调查与统计,致广1-103,,,,,,
21汉语言文学,马克思主义学院,,,,,,,,,,,,,,,,,,,,,,,,,,,,,,,,,,,,,,,,
21经济学,经济学院,中级宏观经济学,立诚1-409,经济思想史,立诚1-303A,管理学,立诚1-203,经济法(实验),立诚1-203,国际经济学,立诚1-302,线性代数,立诚1-104,《资本论》选读Ⅱ,立诚1-303A,,,经济法,立诚1-201,,,劳动教育,立诚1-106,,,马克思主义基本原理,致广1-209,,,,,毛泽东思想和中国特色社会主义理论体系概论,在线教学,,,,,,,,
2038环境科学,环境与资源学院,环境和资源经济学,笃行1-212,大气污染控制工程,笃行1-301,固体废物处理与处置,立诚1-303B,,,环境影响评价,笃行1-301,环境影响评价案例分析,知明1-203,,,,,,,,,,,,,,,,,,,,,,,习近平新时代中国特色社会主义思想概论,笃行1-215,,,,
2022级播音与主持艺术,传播学院,,,,,,,,,职业生涯规划,知明2-102,马克思主义新闻思想,立诚1-209,劳动教育,立诚1-119,,,,,,,,,,,大学生心理健康教育,知明1-206,,,舞台语言表演艺术,一楼演播大厅,舞台语言表演艺术,一楼演播大厅,,,,,,,艺术概论,知明1-101
2022级广播电视编导,传播学院,,,数字媒体技术,非编实验室一,表演,形体实验室,,,职业生涯规划,知明2-102,视听语言II,致广1-202,劳动教育,立诚1-119,大学生心理健康教育,致广1-209,影视编剧,知明1-103,外国电影史,人文楼3-103,,,,,,,,,,,,,,,影视编剧,知明1-103,艺术概论,知明1-101,,
21财务管理1班,经济学院,运营管理(实验),笃行1-221,财务管理,立诚1-301,,,,,金融学,立诚1-301,高级财务会计,立诚1-201,线性代数,立诚1-202,管理信息系统(实验),笃行1-518,运营管理,立诚1-301,,,,,劳动教育,立诚1-106,,,高级财务会计(案例)(实验),立诚1-301,财务管理实训(实验),笃行1-220,马克思主义基本原理,笃行1-115,管理信息系统,立诚1-301,,,毛泽东思想和中国特色社会主义理论体系概论,在线教学,,
21财务管理2班,经济学院,运营管理(实验),笃行1-221,财务管理,立诚1-301,,,,,金融学,立诚1-301,高级财务会计,立诚1-201,线性代数,立诚1-202,管理信息系统(实验),笃行1-518,运营管理,立诚1-301,,,,,劳动教育,立诚1-106,,,高级财务会计(案例)(实验),立诚1-301,财务管理实训(实验),笃行1-220,马克思主义基本原理,笃行1-115,管理信息系统,立诚1-301,,,毛泽东思想和中国特色社会主义理论体系概论,在线教学,,
21经济学(国家人才培养基地),经济学院,经济思想史,立诚1-312,中级宏观经济学,立诚1-409,管理学,立诚1-313,经济法(实验),立诚1-203,《资本论》选读Ⅱ,立诚1-410,国际经济学,立诚1-313,线性代数,立诚1-104,计量经济学,立诚1-410,经济法,立诚1-201,,,劳动教育,立诚1-106,,,马克思主义基本原理,致广1-209,,,,,毛泽东思想和中国特色社会主义理论体系概论,在线教学,,,,,,,,
21资源循环科学与工程,环境与资源学院,,,物理化学,笃行1-302,环境工程微生物学,致广1-507A,环境法学,致广1-506A,环境监测,笃行1-210,线性代数,知明1-205,,,毛泽东思想和中国特色社会主义理论体系概论,在线教学,,,,,,,,,绿色化学与化工,笃行1-507,,,,,,,,,,,,,,
2138环境工程,环境与资源学院,,,物理化学,笃行1-302,,,环境法学,致广1-506A,线性代数,知明1-205,物理性污染控制工程,笃行1-301,,,,,,,毛泽东思想和中国特色社会主义理论体系概论,在线教学,,,,,绿色化学与化工,笃行1-507,,,,,,,,,,,,,,
2138环境科学,环境与资源学院,,,环境学,立诚1-101,土壤环境学,致广1-506A,环境法学,致广1-506A,线性代数,知明1-205,仪器分析,在线教学,,,,,,,毛泽东思想和中国特色社会主义理论体系概论,在线教学,,,,,,,,,,,,,,,,,,,,
21应用化学,化学与材料学院,,,,,,,,,物理化学,笃行1-202,有机化学（2）,笃行1-202,化工制图,立诚1-207,毛泽东思想和中国特色社会主义理论体系概论,在线教学,,,,,,,,,,,,,,,,,,,,,,,,
2136光电信息科学与工程,光电与信息工程学院,python程序设计,知明1-403,信息物理基础,知明1-403,概率论与数理统计,知明1-205,毛泽东思想和中国特色社会主义理论体系概论,在线教学,,,,,傅里叶光学,笃行1-316,,,,,信号与系统,笃行1-216,,,,,,,,,,,,,光学设计CAD,笃行1-521,光学设计CAD,笃行1-221,,,信号与系统,笃行1-319
21劳动与社会保障,文化旅游与公共管理学院,田野调查与访谈,致广1-107B,毛泽东思想和中国特色社会主义理论体系概论,在线教学,劳动经济学,致广1-105,,,劳动法与社会保障法,立诚1-212,管理沟通,致广1-106B,马克思主义基本原理,立诚1-216,,,管理哲学,致广1-105,,,,,,,公共部门人力资源管理,立诚1-211,老年人口与社会保障,致广1-102,,,,,,,,,,,,
20服装与服饰设计,美术学院,,,,,服装品牌运营,笃行1-210,,,,,外国服装史（二）,笃行1-210,,,服装专业英语,知明1-403,,,,,,,,,,,,,,,,,,,,,,,,
2029播音与主持艺术,传播学院,影视批评入门,致广1-203,,,社交媒体时代的人际传播,致广1-201,媒介技术与社会变迁,知明1-209,综艺节目主持,星雨剧场,综艺节目主持,星雨剧场,,,新媒体概论,致广1-102,,,影视艺术前沿,致广1-201,,,,,,,,,文艺素养与媒体表达,立诚1-210,,,,,,,,,,
20数字媒体技术1班,海外教育学院,,,,,,,,,,,高级日语选修（二）,人文楼3-101,,,习近平新时代中国特色社会主义思想概论,知明1-105,Web设计与开发,知明1-402,Web设计与开发,理工楼1＃211,,,,,,,,,,,,,移动软件开发,知明1-303,移动软件开发,理工楼1＃211,,,,
20数字媒体技术2班,海外教育学院,,,,,,,,,,,高级日语选修（二）,人文楼3-101,,,习近平新时代中国特色社会主义思想概论,知明1-105,Web设计与开发,知明1-402,Web设计与开发,理工楼1＃211,,,,,,,,,,,,,移动软件开发,知明1-303,移动软件开发,理工楼1＃211,,,,
21计算机科学与技术（中英）1班,计算机与网络空间安全学院,,,,,软件设计与开发,笃行1-109,软件设计与开发,理工楼1＃114,计算机网络基础（二）,笃行1-304,计算机网络基础（二）,理工楼1＃114,计算机组织与架构（二）,笃行1-302,计算机组织与架构（二）,理工楼1＃312,,,,,劳动教育,知明2-201,,,,,毛泽东思想和中国特色社会主义理论体系概论,在线教学,,,,,,,,,计算机科学与数学,笃行1-215,,
21计算机科学与技术（中英）2班,计算机与网络空间安全学院,,,计算机组织与架构（二）,立诚1-117,软件设计与开发,笃行1-109,软件设计与开发,理工楼1＃114,,,计算机组织与架构（二）,理工楼1＃312,,,,,计算机网络基础（二）,笃行1-111,计算机网络基础（二）,计网楼201,劳动教育,知明2-201,,,,,毛泽东思想和中国特色社会主义理论体系概论,在线教学,,,,,,,,,计算机科学与数学,笃行1-215,,
21计算机科学与技术,计算机与网络空间安全学院,计算机组成原理,笃行1-203,计算机组成原理实验,理工楼1＃312,数据库原理与应用,笃行1-409,数据库原理与应用实验,理工楼1＃308,Python程序设计,笃行1-201,Python程序设计,理工楼1＃413,操作系统,笃行1-211,操作系统实验,理工楼1＃114,人工智能技术,笃行1-207,人工智能技术,理工楼1＃308,劳动教育,知明2-201,,,游戏策划,立诚1-218,,,毛泽东思想和中国特色社会主义理论体系概论,在线教学,,,,,,,,,,
21档案学,社会历史学院,,,,,毛泽东思想和中国特色社会主义理论体系概论,在线教学,,,电子文件管理,立诚1-117,档案数据化建设,立诚1-314,档案信息资源开发利用,知明1-202,马克思主义基本原理,知明1-205,档案数据化建设实验,领先－404,档案数据化建设实验,领先－404,,,,,,,,,,,,,档案信息检索,立诚1-314,档案信息检索实验,笃行1-521,,,,
21图书馆学,社会历史学院,,,,,毛泽东思想和中国特色社会主义理论体系概论,在线教学,,,信息传播学,立诚1-214,,,信息资源建设,知明1-203,马克思主义基本原理,知明1-205,信息计量学,知明1-201,图书馆学研究方法,知明1-201,,,,,,,,,计算机网络基础,致广1-109,,,,,,,,,,
21工商管理,经济学院,国际贸易与投资(实验),笃行1-320a,国际贸易与投资,知明1-102,,,新产品开发,立诚1-312,财务管理(实验),笃行1-221,财务管理,立诚1-409,,,线性代数,立诚1-203,马克思主义基本原理,立诚1-102,,,,,劳动教育,立诚1-106,,,科研指导,人文楼3-301,,,,,,,,,,,毛泽东思想和中国特色社会主义理论体系概论,在线教学
21国际经济与贸易,经济学院,,,线性代数,知明1-206,国际结算,笃行1-110,,,国际金融,立诚1-409,国际商法,立诚1-410,统计学(实验),笃行1-321a,证券投资学(含证券交易实务模拟)(实验),笃行1-221,马克思主义基本原理,立诚1-102,,,,,劳动教育,立诚1-106,,,,,国际物流实务,笃行1-204,国际商务谈判 (实验),笃行1-321a,,,,,,,毛泽东思想和中国特色社会主义理论体系概论,在线教学
21金融工程,经济学院,国际金融学 (双语),立诚1-313,金融软件与编程(实验),笃行1-218,商业银行经营学,立诚1-409,国际贸易实务,立诚1-409,统计学,人文楼3-301,中央银行学,立诚1-302,马克思主义基本原理,致广1-208,线性代数,立诚1-202,项目管理 (实验),立诚1-302,,,劳动教育,立诚1-106,,,商业银行经营学 (实验),人文楼3-301,,,毛泽东思想和中国特色社会主义理论体系概论,在线教学,投资学(双语),立诚1-410,,,,,,,,
21金融学,经济学院,统计学,笃行1-218,国际金融学 (双语),立诚1-313,商业银行经营管理,立诚1-302,,,国际贸易实务,立诚1-317,中央银行学,立诚1-302,马克思主义基本原理,致广1-208,线性代数,立诚1-202,金融软件与编程(实验),人文楼3-301,,,劳动教育,立诚1-106,,,投资学(双语),立诚1-313,,,毛泽东思想和中国特色社会主义理论体系概论,在线教学,,,,,,,商业银行经营管理(实验）,笃行1-319,,
2022级档案学,社会历史学院,文书学,立诚1-117,,,大学生心理健康教育,立诚1-106,职业生涯规划,立诚1-303A,数据库技术与应用,立诚1-303A,数据库技术与应用实验,笃行1-521,公文写作,立诚1-214,,,,,,,,,,,,,,,,,,,,,,,C语言程序设计,笃行1-521,C语言程序设计,笃行1-521
2022级图书馆学,社会历史学院,文书学,立诚1-117,,,大学生心理健康教育,立诚1-106,职业生涯规划,立诚1-303A,数据库技术与应用,立诚1-303A,数据库技术与应用实验,笃行1-521,信息组织,笃行1-407,信息组织实验,笃行1-321a,,,,,,,,,,,,,,,,,,,,,,,,
2022级新闻传播学类1班,传播学院,,,马克思主义新闻思想,立诚1-119,,,,,职业生涯规划,知明2-102,社会学概论,立诚1-119,,,劳动教育,立诚1-119,,,,,,,,,,,,,,,,,,,,,文学作品导读,立诚1-119,大学生心理健康教育,立诚1-116
2022级新闻传播学类2班,传播学院,,,马克思主义新闻思想,立诚1-119,,,,,职业生涯规划,知明2-102,社会学概论,立诚1-119,,,劳动教育,立诚1-119,,,,,,,,,,,,,,,,,,,,,文学作品导读,立诚1-119,大学生心理健康教育,立诚1-116
21地理信息科学,地理科学学院,线性代数,知明1-206,,,毛泽东思想和中国特色社会主义理论体系概论,在线教学,,,气象学与气候学,笃行1-217,面向对象程序设计语言,笃行1-317,ARCGIS应用,笃行1-216,ARCGIS应用实验,16#-205计算机房智慧室,气象学与气候学,16#-208气象实验室,,,,,,,高光谱遥感 ,16#-315计算机教室,,,高光谱遥感 ,笃行1-217,卫星导航定位技术应用实验,16#-206测绘实验室,,,面向对象程序设计语言实验,16#-205计算机房智慧室,无人机原理与应用,笃行1-216,无人机原理与应用,16#-315计算机教室
2029广播电视学 ,传播学院,,,社交媒体时代的人际传播,致广1-108,,,影视艺术前沿,致广1-102,,,,,,,,,,,跨文化传播,致广1-110,,,,,数据新闻,知明1-209,,,,,电影读解,致广1-103,影视制片管理,致广1-108,,,社会学概论,致广1-105,,
2029广告学,传播学院,,,文化创意产业,致广1-201,广告策划,人文楼3-103,互动影像,致广1-105,,,,,,,,,,,跨文化传播,致广1-110,,,,,网络与新媒体广告,立诚1-209,品牌学,致广1-203,,,广告活动案例,致广1-108,,,广告与社会,致广1-202,,,消费者行为与营销策略,在线教学
2029广播电视编导,传播学院,形势与政策,知明1-107,,,,,,,,,互动影像,致广1-201,跨文化传播,知明1-201,,,,,,,,,,,,,社会学概论,致广1-101,,,广告活动案例,致广1-108,影视制片管理,致广1-108,,,,,影视艺术前沿,致广1-103
2029广播电视编导（闽台）,传播学院,形势与政策,知明1-107,广播戏剧实作2,在线教学,电视导播学（二）,一楼演播大厅,视觉特效,在线教学,,,特殊化妆设计,在线教学,,,,,广电英文,人文楼3-103,,,导演实务,户外0001,导演实务,户外0001,,,影视服装造型,在线教学,,,,,,,,,,,影视与社会,在线教学
21播音与主持艺术,传播学院,配音艺术,全景演播实验室,配音艺术,虚拟演播室一,毛泽东思想和中国特色社会主义理论体系概论,在线教学,,,,,,,,,,,,,马克思主义基本原理,立诚1-102,,,,,广播节目播音主持,虚拟演播室一,广播节目播音主持,虚拟演播室二,,,,,,,,,广告作品赏析,致广1-108,,
20社会体育指导与管理,体育科学学院,体育赛事策划与管理,立诚1-216,健康评价与运动处方,立诚1-216,瑜伽IV,形体房,体育保健学,体综楼313,,,,,田径Ⅱ,东区田径场1,田径Ⅱ,东区田径场1,实用体能训练理论与方法,室内田径场1,体育市场营销,体综楼312,排球Ⅱ,排球馆04区,,,普拉提,艺术体操馆,,,,,,,,,,,,,,
20体育教育(中外合作项目)1班,体育科学学院,,,足球Ⅱ,东区足球场1,,,体育史,立诚1-412,运动生理学II,基地302,,,体质测量与评价,基地202,运动解剖学II,致广1-506A,,,课堂教学技能I,知明1-202,,,,,,,运动生物化学,基地302,体育统计学,笃行1-310,,,体育保健学,基地202,,,,,,
20体育教育(中外合作项目)2班,体育科学学院,,,,,,,体育史,立诚1-412,运动生理学II,基地302,,,体质测量与评价,基地202,运动解剖学II,致广1-506A,,,课堂教学技能I,知明1-202,,,,,,,运动生物化学,基地302,体育统计学,笃行1-310,,,体育保健学,基地202,,,,,,
20财务管理1班,经济学院,,,高级财务管理,立诚1-302,会计信息系统(实验),笃行1-319,项目评估,立诚1-302,财务管理前沿动态,致广1-203,审计学,立诚1-317,证券投资学(实验),笃行1-221,,,高级财务管理(实验),笃行1-320a,跨国公司财务,立诚1-303A,,,,,,,,,,,,,计算机财务管理,笃行1-520,计算机财务管理(实验),笃行1-520,,,,
20财务管理2班,经济学院,,,高级财务管理,立诚1-302,会计信息系统(实验),笃行1-319,项目评估,立诚1-302,财务管理前沿动态,致广1-203,审计学,立诚1-317,证券投资学(实验),笃行1-221,公司战略与风险管理,立诚1-302,高级财务管理(实验),笃行1-320a,跨国公司财务,立诚1-303A,,,,,,,,,,,,,计算机财务管理,笃行1-520,计算机财务管理(实验),笃行1-520,,,,
20经济学(国家人才培养基地),经济学院,,,劳动经济学,致广1-208,,,国际贸易实务(实验),立诚1-204,经济科学研究方法论(实验),笃行1-519,经济学前沿专题研讨,立诚1-410,,,区域经济学(实验),笃行1-519,,,区域经济学,立诚1-205,,,,,国际贸易实务(双语）,立诚1-303A,马克思主义经济学说史,立诚1-307,,,,,,,,,,,,
20金融工程,经济学院,,,期权与期货交易实务(实验),笃行1-319,金融计量学,笃行1-204,金融计量学(实验),笃行1-319,人身与财产保险(实验),笃行1-520,,,投资银行业务与管理 (双语),立诚1-312,金融工程学 (实验),笃行1-520,项目管理 (实验),立诚1-302,基金管理学,立诚1-312,,,,,金融工程学,立诚1-409,,,人身与财产保险,立诚1-303A,,,,,金融学前沿动态,立诚1-407,,,,
20金融学,经济学院,期货与期权交易实务 (实验),笃行1-319,房地产金融,立诚1-410,,,,,人身与财产保险(实验),笃行1-520,投资银行业务与管理 (双语),立诚1-303A,金融工程学 (实验),笃行1-520,,,基金管理学,立诚1-313,互联网金融 (实验),笃行1-321a,,,,,,,金融工程学,立诚1-408,人身与财产保险,立诚1-303A,,,,,金融学前沿动态,立诚1-407,,,,
20应用心理学,心理学院,,,,,高级心理统计,笃行1-518,习近平新时代中国特色社会主义思想概论,笃行1-112,认知神经科学,人文楼3-102,心理咨询与治疗Ⅱ,人文楼4-301,,,,,人才测评原理与技术,人文楼3-102,EAP概论与咨询,人文楼3-102,,,,,心理咨询与治疗Ⅱ,人文楼4-301,心理危机干预实务,人文楼4-301,智能+HRM：理论与实践,人文楼3-103,,,人才测评原理与技术（实验）,人文楼3-102,工程心理学,人文楼3-102,,,,
20统计学1班,马克思主义学院,,,,,,,,,,,,,,,,,,,,,,,,,,,,,,,,,,,,,,,,
20统计学2班,马克思主义学院,,,,,,,,,,,,,,,,,,,,,,,,,,,,,,,,,,,,,,,,
20地理信息科学,地理科学学院,,,,,遥感与GIS综合,笃行1-317,遥感与GIS综合实验,16#-315计算机教室,软件工程与GIS设计,知明1-201,软件工程与GIS设计实验,16#-206测绘实验室,虚拟地理环境,知明1-103,虚拟地理环境实验,16#-315计算机教室,GIS应用开发方法,知明1-203,GIS应用开发方法实验,16#-206测绘实验室,,,,,灾害风险评估分析,知明1-203,经济地理学,笃行1-316,,,,,GIS空间分析,笃行1-111,GIS空间分析实验,16#-315计算机教室,环境遥感,知明1-203,,
20地理信息科学(闽台合作项目),马克思主义学院,,,,,,,,,,,,,,,,,,,,,,,,,,,,,,,,,,,,,,,,
21广播电视学,传播学院,电视综艺节目,人文楼3-102,影视批评,立诚1-210,毛泽东思想和中国特色社会主义理论体系概论,在线教学,,,,,,,马克思主义基本原理,立诚1-216,口语传播,在线教学,电视专题片,立诚1-210,电视专题片,立诚1-210,,,,,,,,,,,,,数字媒体技术,非编实验室一,,,广告作品赏析,致广1-108,,
21广告学,传播学院,,,,,毛泽东思想和中国特色社会主义理论体系概论,在线教学,,,口语传播,在线教学,广告作品赏析,人文楼3-103,,,,,公共关系原理与实务,知明1-101,马克思主义基本原理,立诚1-102,,,,,,,广告创意,立诚1-119,,,广告图形创意,非编实验室一,,,广告创意,立诚1-119,,,,
21应用心理学,心理学院,形势与政策,知明1-401,,,教育心理学,立诚1-207,人格心理学,立诚1-207,,,变态心理学,立诚1-101,,,毛泽东思想和中国特色社会主义理论体系概论,在线教学,人格心理学,立诚1-207,,,,,,,认知心理学,立诚1-207,认知心理学（实验）,人文楼1-102,,,,,,,,,,,,
2022级材料类1班,化学与材料学院,,,,,,,,,大学物理B（上）,知明1-206,大学生心理健康教育,立诚1-106,高等数学A(下),笃行1-508,分析化学,笃行1-317,,,,,思想政治理论课社会实践,笃行1-215,,,中国近现代史纲要,笃行1-215,,,,,,,,,,,,,,
2022级材料类2班,化学与材料学院,,,,,,,,,大学物理B（上）,知明1-206,大学生心理健康教育,立诚1-106,分析化学,笃行1-311,高等数学A(下),笃行1-508,,,,,思想政治理论课社会实践,笃行1-215,,,中国近现代史纲要,笃行1-215,,,,,,,,,,,,,,
2022级统计学1班,马克思主义学院,数学分析Ⅱ,笃行1-201,高等代数与解析几何(下),笃行1-201,大学生心理健康教育,知明1-206,,,,,,,C语言程序设计,笃行1-218,C语言程序设计,笃行1-218,,,,,思想政治理论课社会实践,笃行1-212,职业生涯规划,知明2-101,,,,,,,中国近现代史纲要,笃行1-212,,,,,,,,
2022级统计学2班,马克思主义学院,,,数学分析Ⅱ,笃行1-211,大学生心理健康教育,知明1-206,,,,,,,C语言程序设计,笃行1-318,C语言程序设计,笃行1-318,,,高等代数与解析几何(下),笃行1-211,思想政治理论课社会实践,笃行1-212,职业生涯规划,知明2-101,,,,,,,中国近现代史纲要,笃行1-212,,,,,,,,
2022级地理科学类1班,地理科学学院,地貌学,笃行1-317,,,,,劳动教育,在线教学,高等数学B(下),笃行1-113,中国近现代史纲要,致广1-108,地理信息系统导论,笃行1-203,地理信息系统导论实验,笃行1-320a,,,,,,,思想政治理论课社会实践,知明1-107,,,,,,,大学生心理健康教育,立诚1-105,,,,,,,职业生涯规划,知明2-102
2022级地理科学类2班,地理科学学院,地貌学,笃行1-202,,,,,劳动教育,在线教学,高等数学B(下),笃行1-113,中国近现代史纲要,致广1-108,,,,,地理信息系统导论,笃行1-203,地理信息系统导论实验,笃行1-320a,,,思想政治理论课社会实践,知明1-107,,,,,,,大学生心理健康教育,立诚1-105,,,,,,,职业生涯规划,知明2-102
21城市管理,文化旅游与公共管理学院,城市规划,知明1-101,田野调查与访谈,致广1-106B,政治学原理,致广1-104,,,,,管理沟通,致广1-106B,公共部门人力资源管理,知明1-209,,,管理哲学,致广1-105,,,,,,,,,老年人口与社会保障,致广1-102,马克思主义基本原理,致广1-108,,,城市美学讲座与实践,在线教学,,,,,,
21行政管理,文化旅游与公共管理学院,田野调查与访谈,致广1-107B,中国行政管理思想史,立诚1-212,地方政府管理,立诚1-211,,,,,公共经济学,立诚1-212,管理沟通,致广1-104,,,管理哲学,致广1-105,,,,,,,老年人口与社会保障,致广1-102,,,马克思主义基本原理,致广1-108,,,领导科学,立诚1-211,,,,,,
2004档案学,社会历史学院,,,外国档案事业史,立诚1-214,管理信息系统,笃行1-201,管理信息系统实验,笃行1-521,,,图书馆管理,立诚1-117,,,,,企业档案管理,立诚1-214,,,,,,,数字档案馆原理及应用,立诚1-214,,,计算机网络基础,致广1-109,,,档案文献编纂学,立诚1-214,档案文献编纂学实验,笃行1-321a,,,,
2004图书馆学,社会历史学院,,,文献学,立诚1-314,管理信息系统,笃行1-201,管理信息系统实验,笃行1-521,电子文件管理,立诚1-117,图书馆管理,立诚1-117,公文写作,立诚1-214,,,,,,,,,,,,,,,计算机网络基础,致广1-109,,,,,,,,,,
21社会体育指导与管理,体育科学学院,篮球Ⅱ,篮球馆01区,篮球Ⅱ,篮球馆01区,网球I,东区网球场1,体育产业概论,立诚1-408,,,跆拳道Ⅰ,跆拳道馆,毛泽东思想和中国特色社会主义理论体系概论,在线教学,社会体育导论,笃行1-210,,,武术Ⅱ,武术馆1,体育休闲娱乐导论,立诚1-216,龙狮运动,武术馆2,跆拳道Ⅰ,跆拳道馆,马克思主义基本原理,致广1-209,,,体育心理学,笃行1-310,,,体育管理导论,基地302,,,,
21运动训练1班,体育科学学院,,,田径Ⅱ,东区田径场1,田径Ⅱ,东区田径场1,田径Ⅱ,东区田径场1,,,,,马克思主义基本原理,笃行1-112,毛泽东思想和中国特色社会主义理论体系概论,在线教学,,,形势与政策,知明1-205,体育休闲娱乐导论,立诚1-216,运动生物力学,在线教学,,,,,,,,,体育管理学,基地302,健康教育学,体综楼209,,,,
21运动训练2班,体育科学学院,,,田径Ⅱ,东区田径场1,田径Ⅱ,东区田径场1,田径Ⅱ,东区田径场1,,,,,马克思主义基本原理,笃行1-112,毛泽东思想和中国特色社会主义理论体系概论,在线教学,,,形势与政策,知明1-205,体育休闲娱乐导论,立诚1-216,运动生物力学,在线教学,,,,,,,,,体育管理学,基地302,健康教育学,体综楼209,,,,
21统计学1班,数学与统计学院,,,数理统计,立诚1-307,,,毛泽东思想和中国特色社会主义理论体系概论,在线教学,风险管理,笃行1-211,宏观经济学,笃行1-212,形势与政策,立诚1-205,,,,,,,,,,,,,,,,,,,,,,,,,,
21统计学2班,数学与统计学院,,,数理统计,立诚1-308,,,毛泽东思想和中国特色社会主义理论体系概论,在线教学,风险管理,笃行1-211,宏观经济学,笃行1-212,形势与政策,立诚1-205,随机过程,立诚1-102,,,,,,,,,,,,,,,,,,,,,,,,
21网络空间安全,计算机与网络空间安全学院,操作系统原理及安全,笃行1-302,操作系统原理及安全,理工楼1＃203,,,,,,,密码学,立诚1-309,安全前沿技术讲座,立诚1-409,毛泽东思想和中国特色社会主义理论体系概论,在线教学,计算机组成与系统结构,立诚1-209,计算机组成与系统结构,理工楼1＃312,,,劳动教育,知明2-201,,,网络安全原理,理工楼1＃209,,,密码学,理工楼1＃209,,,,,数据库原理及安全,立诚1-407,数据库原理及安全,理工楼1＃308
21电子信息工程（中英）,光电与信息工程学院,,,电子设计制造与测试（二）,笃行1-214,,,专业发展（一）,笃行1-213,,,,,电子学1（一）,笃行1-308,,,,,,,,,劳动教育,笃行1-114,,,,,,,,,,,,,,,毛泽东思想和中国特色社会主义理论体系概论,在线教学
20统计学（数理统计方向）,数学与统计学院,试验设计,笃行1-509,贝叶斯统计分析,笃行1-509,,,,,统计软件及应用,笃行1-213,多元统计分析,笃行1-213,,,习近平新时代中国特色社会主义思想概论,立诚1-204,,,,,,,,,,,,,,,,,,,统计软件及应用,笃行1-218,,,,
20统计学（数据科学与大数据技术方向）,数学与统计学院,,,,,,,,,统计软件及应用,笃行1-213,多元统计分析,笃行1-213,,,习近平新时代中国特色社会主义思想概论,立诚1-204,数据分析与挖掘,知明1-302,数据分析与挖掘,笃行1-218,,,,,,,,,,,,,,,统计软件及应用,笃行1-218,,,,
